호선,번호,구    간,용도,기능,위치,높이(m),구조물 형태,비고
1,3,서울역,역사,급기,기타,0.48,탑형,
1,4,서울역,역사,배기,기타,0.5,탑형,
1,5,서울역,역사,배기,녹지,0.24,지면형,
1,6,서울역,역사,급기,녹지,0.55,탑형,
1,7,서울역~시청,본선,자연,보도,0.64,탑형,
1,8,서울역~시청,본선,자연,보도,1.74,탑형,
1,9,서울역~시청,본선,자연,보도,0.67,탑형,
1,10,서울역~시청,본선,자연,녹지,1.1,탑형,
1,11,서울역~시청,본선,자연,보도,1.53,탑형,
1,12,서울역~시청,본선,자연,차도,0.02,지면형,
1,13,서울역~시청,본선,자연,차도,0.02,지면형,
1,14,서울역~시청,본선,자연,보도,0.69,탑형,
1,15,시청,역사,급기,보도,0,지면형,
1,16,시청,역사,배기,보도,0,지면형,
1,17,시청,역사,배기,보도,0.8,탑형,
1,18,시청,역사(변전실),급기,보도,0.8,탑형,
1,19,시청,역사(변전실),배기,보도,0.15,지면형,
1,20,시청~종각,본선,자연,녹지,0.6,탑형,
1,21,시청~종각,본선,자연,보도,0.72,탑형,
1,22,시청~종각,본선,자연,보도,0.43,탑형,
1,23,시청~종각,본선,자연,보도,0.35,탑형,
1,24,시청~종각,본선,자연,보도,0.67,탑형,
1,25,시청~종각,본선,자연,보도,0.7,탑형,
1,26,시청~종각,본선,자연,보도,0.6,탑형,
1,27,시청~종각,본선,자연,보도,0.7,탑형,
1,28,시청~종각,본선,자연,보도,0.72,탑형,
1,29,종각,역사,배기,녹지,2,탑형,
1,30,종각,역사,급기,녹지,0.48,탑형,
1,31,종각,역사,배기,보도,0.54,탑형,
1,32,종각,역사,급기,보도,2.95,탑형,
1,33,종각~종로3가,본선,자연,보도,0.71,탑형,
1,34,종각~종로3가,본선,자연,보도,0.68,탑형,
1,35,종각~종로3가,본선,자연,녹지,0.66,탑형,
1,36,종각~종로3가,본선,자연,보도,0.76,탑형,
1,37,종각~종로3가,본선,자연,차도,0,지면형,
1,38,종각~종로3가,본선,자연,보도,0.65,탑형,
1,39,종로3가,역사,배기,보도,1.5,탑형,
1,40,종로3가,역사,급기,보도,1.68,탑형,
1,41,종로3가,역사,배기,보도,1.5,탑형,
1,42,종로3가,역사,급기,녹지,1.5,탑형,
1,43,종로3가~종로5가,본선,자연,녹지,0.56,탑형,
1,44,종로3가~종로5가,본선,자연,보도,0.51,탑형,
1,45,종로3가~종로5가,본선,자연,보도,0.45,탑형,
1,46,종로3가~종로5가,본선,자연,보도,0.57,탑형,
1,47,종로3가~종로5가,본선,자연,녹지,1.57,탑형,
1,48,종로3가~종로5가,본선,자연,보도,0.69,탑형,
1,49,종로3가~종로5가,본선,자연,보도,0.74,탑형,
1,50,종로5가,역사,급기,보도,0.6,탑형,
1,51,종로5가,역사,배기,보도,1.2,탑형,
1,52,종로5가,역사(변전실),배기,보도,1.5,탑형,
1,53,종로5가,역사,배기,보도,0.62,탑형,
1,54,종로5가,역사,급기,보도,1.2,탑형,
1,55,종로5가~동대문,본선,자연,보도,0.68,탑형,
1,56,종로5가~동대문,본선,자연,보도,0.7,탑형,
1,57,종로5가~동대문,본선,자연,보도,0.71,탑형,
1,58,종로5가~동대문,본선,자연,보도,0.68,탑형,
1,59,종로5가~동대문,본선,자연,보도,1.5,탑형,
1,60,종로5가~동대문,본선,자연,보도,0.1,지면형,
1,61,종로5가~동대문,본선,자연,보도,0.71,탑형,
1,62,동대문,역사,급기,보도,1.82,탑형,
1,63,동대문,역사,배기,보도,1.8,탑형,
1,64,동대문,역사,급기,녹지,3.1,탑형,
1,65,동대문,역사,배기,보도,0.54,탑형,
1,66,동대문~동묘,본선,자연,보도,0.45,탑형,
1,67,동대문~동묘,본선,자연,보도,0.7,탑형,
1,68,동대문~동묘,본선,자연,보도,0.6,탑형,
1,69,동대문~동묘,본선,자연,보도,0.7,탑형,
1,069-1,동대문~동묘,본선,배기,보도,1.2,탑형,
1,069-2,동묘역,역사,급기,기타,1.18,탑형,
1,069-3,동묘역,역사,급기,보도,1.33,탑형,
1,069-4,동묘역,역사,배기,기타,1.7,탑형,
1,069-5,동묘역,역사,배기,보도,1.44,탑형,
1,069-6,동묘~신설,본선,배기,보도,0.91,탑형,
1,069-7,동묘~신설,본선,배기,보도,0.81,탑형,
1,73,동묘~신설,본선,자연,보도,0.81,탑형,
1,74,동묘~신설,본선,자연,보도,0.62,탑형,
1,75,동묘~신설,본선,자연,보도,1,탑형,
1,76,동묘~신설,본선,자연,보도,1.07,탑형,
1,77,동묘~신설,본선,자연,보도,1.09,탑형,
1,78,동묘~신설,본선,자연,녹지,1,탑형,
1,79,신설동,역사,배기,보도,1.4,탑형,
1,80,신설동,역사,급기,보도,0.48,탑형,
1,81,신설동,역사,배기,보도,1.71,탑형,
1,82,신설동,역사,급기,보도,3.1,탑형,
1,83,신설동~제기동,본선,자연,보도,0.56,탑형,
1,84,신설동~제기동,본선,자연,보도,0.72,탑형,
1,85,신설동~제기동,본선,자연,보도,0.73,탑형,
1,86,신설동~제기동,본선,자연,보도,0.78,탑형,
1,87,신설동~제기동,본선,자연,보도,0.8,탑형,
1,88,신설동~제기동,본선,자연,보도,0.66,탑형,
1,89,신설동~제기동,본선,자연,보도,0.64,탑형,
1,90,제기동,역사(변전실),배기,보도,0.54,탑형,
1,91,제기동,역사(변전실),급기,보도,0.57,탑형,
1,92,제기동,역사,급기,차도,5,탑형,
1,93,제기동,역사,배기,차도,5,탑형,
1,94,제기동,역사,급기,기타,5,탑형,
1,95,제기동,역사,급기,기타,5,탑형,
1,96,제기동~청량리,본선,자연,보도,0.58,탑형,
1,97,제기동~청량리,본선,자연,보도,1.7,탑형,
1,98,제기동~청량리,본선,자연,보도,0.6,탑형,
1,99,제기동~청량리,본선,자연,보도,0.68,탑형,
1,100,제기동~청량리,본선,자연,보도,0.56,탑형,
1,101,제기동~청량리,본선,자연,보도,1.6,탑형,
1,102,제기동~청량리,본선,자연,보도,1.02,탑형,
1,103,청량리,역사,급기,보도,1.1,탑형,
1,104,청량리,역사,배기,보도,1.25,탑형,
1,105,청량리,역사,배기,녹지,0.66,탑형,
1,106,청량리,역사,급기,녹지,1.92,탑형,
1,107,청량리~회기,본선,자연,기타,1.6,탑형,
1,108,청량리~회기,본선,자연,기타,1.2,탑형,
1,109,청량리~회기,본선,자연,기타,1.6,탑형,
2,0,시청~을지로입구,본선,배기,녹지,0.3,탑형,
2,1,시청~을지로입구,본선,자연,보도,1.7,탑형,
2,2,시청~을지로입구,본선,자연,보도,0.63,탑형,
2,3,을지로입구,역사,급기,보도,1.24,탑형,
2,4,을지로입구,역사,배기,보도,0.63,탑형,
2,5,을지로입구,역사,급기,보도,1.26,탑형,
2,6,을지로입구,역사,배기,보도,2.05,탑형,
2,7,을지로입구~을지로3가,본선,자연,보도,2.3,탑형,
2,8,을지로입구~을지로3가,본선,배기,보도,1.16,탑형,
2,9,을지로입구~을지로3가,본선,배기,보도,1.16,탑형,
2,10,을지로입구~을지로3가,본선,배기,보도,1.2,탑형,
2,010-1,을지로입구~을지로3가,본선(변전실),배기,보도,1.6,탑형,
2,11,을지로입구~을지로3가,본선,자연,보도,0.62,탑형,
2,12,을지로입구~을지로3가,본선,자연,보도,0.7,탑형,
2,13,을지로3가,역사,급기,보도,1,탑형,
2,14,을지로3가,역사,배기,보도,0.7,탑형,
2,15,을지로3가,역사,급기,보도,1.7,탑형,
2,16,을지로3가,역사,배기,보도,0.7,탑형,
2,17,을지로3가~을지로4가,본선,자연,보도,0.71,탑형,
2,19,을지로3가~을지로4가,본선,배기,보도,0.72,탑형,
2,20,을지로3가~을지로4가,본선,자연,보도,0.7,탑형,
2,21,을지로3가~을지로4가,본선,자연,보도,1.2,탑형,
2,22,을지로4가,역사,배기,보도,1.3,탑형,
2,23,을지로4가,역사,급기,보도,0.68,탑형,
2,24,을지로4가,역사,배기,보도,0.77,탑형,
2,25,을지로4가,역사,급기,보도,1.9,탑형,
2,26,을지로4가~동대문역사문화공원,본선,자연,보도,0.7,탑형,
2,27,을지로4가~동대문역사문화공원,본선,자연,보도,0.85,탑형,
2,29,을지로4가~동대문역사문화공원,본선,배기,보도,0.65,탑형,
2,31,을지로4가~동대문역사문화공원,본선,자연,보도,2.06,탑형,
2,32,을지로4가~동대문역사문화공원,본선,배기,보도,0.8,탑형,
2,33,을지로4가~동대문역사문화공원,본선,자연,보도,1.3,탑형,
2,34,동대문역사문화공원,역사,배기,보도,0.75,탑형,
2,35,동대문역사문화공원,역사,급기,보도,1.4,탑형,
2,36,동대문역사문화공원,역사,급기,보도,1.53,탑형,
2,37,동대문역사문화공원,역사,급기,보도,0.74,탑형,
2,38,동대문역사문화공원,역사,배기,보도,1.35,탑형,
2,39,동대문역사문화공원,역사,배기,보도,0.73,탑형,
2,40,동대문역사문화공원~신당,본선,자연,보도,0.7,탑형,
2,41,동대문역사문화공원~신당,본선,자연,녹지,3,탑형,
2,42,동대문역사문화공원~신당,본선,배기,기타,1.5,탑형,
2,43,동대문역사문화공원~신당,본선,자연,보도,0.72,탑형,
2,44,동대문역사문화공원~신당,본선,자연,보도,0.85,탑형,
2,"45,046",신당(환기구통합),역사,급기,보도,1.24,탑형,환기구통합
2,"47,048",신당(환기구통합),역사,배기,보도,0.73,탑형,환기구통합
2,49,신당,역사,급기,보도,1.3,탑형,
2,50,신당,역사,배기,보도,0.58,탑형,
2,51,신당,역사,급기,보도,1.22,탑형,
2,52,신당,역사,배기,보도,1.22,탑형,
2,53,신당~상왕십리,본선,자연,보도,0.87,탑형,
2,053-1,신당~상왕십리,본선,자연,보도,0.87,탑형,
2,54,신당~상왕십리,본선,배기,보도,0.1,지면형,
2,054-1,신당~상왕십리,본선(변전실),배기,보도,1.66,탑형,
2,55,신당~상왕십리,본선,자연,보도,0.09,지면형,
2,56,신당~상왕십리,본선,자연,보도,0.08,지면형,
2,57,신당~상왕십리,본선(변전실),급기,보도,0.08,지면형,
2,58,상왕십리,역사,배기,보도,1.35,탑형,
2,59,상왕십리,역사,급기,보도,1.35,탑형,
2,60,상왕십리,역사,급기,보도,1.39,탑형,
2,61,상왕십리,역사,배기,보도,0.83,탑형,
2,62,상왕십리~왕십리,본선,자연,보도,0.69,탑형,
2,63,상왕십리~왕십리,본선,자연,보도,0.69,탑형,
2,64,상왕십리~왕십리,본선,배기,보도,0.78,탑형,
2,65,상왕십리~왕십리,본선,자연,보도,0.75,탑형,
2,66,상왕십리~왕십리,본선,자연,보도,0.75,탑형,
2,67,왕십리,역사,급기,보도,1.62,탑형,
2,68,왕십리,역사,배기,보도,1.83,탑형,
2,69,왕십리,역사,급기,보도,1.04,탑형,
2,70,왕십리,역사,배기,보도,1.04,탑형,
2,71,왕십리~한양대,본선,자연,기타,0.2,지면형,
2,72,왕십리~한양대,본선,자연,기타,0.2,지면형,
2,73,왕십리~한양대,본선,배기,녹지,1.22,탑형,
2,74,왕십리~한양대,본선,자연,기타,0.15,지면형,
2,75,아현~충정로,본선,배기,보도,1,탑형,
2,76,아현~충정로,본선,급기,보도,1.13,탑형,
2,77,충정로,역사,급기,보도,1.55,탑형,
2,077-1,충정로,역사,배기,보도,1.55,탑형,
2,077-2,충정로,역사,급기,보도,1.32,탑형,
2,78,충정로,역사,배기,보도,1.32,탑형,
2,79,충정로,역사,급기,보도,1.26,탑형,
2,81,충정로~시청,본선,배기,보도,0.55,탑형,
2,82,충정로~시청,본선,배기,보도,0.04,지면형,
2,83,충정로~시청,본선,급기,보도,1.25,탑형,
2,84,시청,역사,배기,보도,1.21,탑형,
2,85,시청,역사,급기,보도,1.21,탑형,
2,86,시청,역사,급기,보도,1.14,탑형,
2,87,시청,역사,배기,보도,1.1,탑형,
2,88,시청~을지로입구,본선,자연,보도,0.12,지면형,
2,89,잠실~신천,본선,자연,보도,1.8,탑형,
2,90,잠실~신천,본선,자연,보도,1.65,탑형,
2,91,잠실~신천,본선,자연,보도,1.6,탑형,
2,92,신천,역사,배기,보도,1.2,탑형,
2,93,신천,역사,급기,보도,2.1,탑형,
2,94,신천,역사,배기,보도,1.2,탑형,
2,95,신천,역사,급기,보도,2.1,탑형,
2,96,신천~종합운동장,본선,자연,보도,1.83,탑형,
2,97,신천~종합운동장,본선,자연,보도,1.74,탑형,
2,98,신천~종합운동장,본선,자연,보도,1.7,탑형,
2,99,신천~종합운동장,본선,자연,보도,1.67,탑형,
2,100,신천~종합운동장,본선,자연,보도,1.67,탑형,
2,101,신천~종합운동장,본선,자연,보도,2,탑형,
2,102,신천~종합운동장,본선,자연,차도,1.48,탑형,
2,103,신천~종합운동장,본선,자연,차도,1.2,탑형,
2,104,신천~종합운동장,본선,자연,차도,1.2,탑형,
2,105,종합운동장,역사,급기,녹지,1.25,탑형,
2,105-1,종합운동장,역사,자연,녹지,1.25,탑형,
2,106,종합운동장,역사,배기,차도,0.55,탑형,
2,107,종합운동장,역사,배기,차도,0.6,탑형,
2,108,종합운동장,역사,급기,보도,1.77,탑형,
2,109,종합운동장~삼성,본선,자연,보도,1.5,탑형,
2,110,종합운동장~삼성,본선,자연,녹지,2,탑형,
2,111,종합운동장~삼성,본선,자연,녹지,2,탑형,
2,112,종합운동장~삼성,본선,배기,기타,4.89,탑형,
2,113,종합운동장~삼성,본선,자연,차도,0.35,탑형,
2,114,종합운동장~삼성,본선,자연,차도,0.35,탑형,
2,115,종합운동장~삼성,본선,자연,보도,0.68,탑형,
2,116,종합운동장~삼성,역사,급기,보도,0.64,탑형,
2,117,삼성,역사,배기,보도,2,탑형,
2,118,삼성,역사,급기,차도,1.35,탑형,
2,119,삼성,역사,배기,차도,0.6,탑형,
2,120,삼성~선릉,본선,자연,차도,0.45,탑형,
2,121,삼성~선릉,본선,자연,차도,0.5,탑형,
2,122,삼성~선릉,본선,자연,차도,0.6,탑형,
2,123,삼성~선릉,본선,자연,차도,0.6,탑형,
2,124,삼성~선릉,본선,자연,차도,0.6,탑형,
2,125,삼성~선릉,본선,자연,차도,0.37,탑형,
2,126,삼성~선릉,본선,자연,차도,0.45,탑형,
2,127,삼성~선릉,본선,자연,차도,0.35,탑형,
2,128,삼성~선릉,본선,자연,차도,0.55,탑형,
2,129,삼성~선릉,본선,자연,차도,0.45,탑형,
2,130,삼성~선릉,역사,배기,차도,1.35,탑형,
2,131,선릉,역사,급기,차도,0.35,탑형,
2,132,선릉,역사(변전실),배기,보도,0.5,탑형,
2,133,선릉,역사(변전실),급기,보도,1.7,탑형,
2,133-1,선릉,역사,배기,보도,1.46,탑형,
2,133-2,선릉,역사,급기,보도,1.46,탑형,
2,134,선릉,역사,급기,차도,1.45,탑형,
2,135,선릉,역사,배기,차도,0.3,탑형,
2,136,선릉~역삼,본선,자연,차도,0.45,탑형,
2,137,선릉~역삼,본선,자연,차도,0.45,탑형,
2,138,선릉~역삼,본선,배기,차도,0.87,탑형,
2,139,선릉~역삼,본선,자연,차도,0.7,탑형,
2,140,선릉~역삼,본선,자연,차도,0.7,탑형,
2,141-1,역삼역,역사,배기,보도,1,탑형,
2,141,역삼역,역사,급기,차도,1.4,탑형,
2,142,역삼역,역사,배기,차도,0.7,탑형,
2,143,역삼역,역사,배기,차도,2.46,탑형,
2,144,역삼역,역사,급기,차도,1.9,탑형,
2,145,역삼~강남,본선,자연,차도,0.6,탑형,
2,146,역삼~강남,본선,자연,차도,0.5,탑형,
2,147,역삼~강남,본선,자연,차도,0.4,탑형,
2,148,역삼~강남,본선,자연,차도,0.6,탑형,
2,149,역삼~강남,본선,자연,차도,0.4,탑형,
2,150,역삼~강남,본선,자연,차도,0.5,탑형,
2,151,강남,역사,배기,보도,0.6,탑형,
2,152,강남,역사,급기,보도,2,탑형,
2,153,강남,역사,배기,녹지,1.8,탑형,
2,154,강남,역사,급기,녹지,1.1,탑형,
2,155,강남~교대,본선,자연,차도,0.3,탑형,
2,156,강남~교대,본선,자연,차도,0.91,탑형,
2,157,강남~교대,본선,자연,차도,1.46,탑형,
2,158,강남~교대,본선,자연,차도,1.45,탑형,
2,159,강남~교대,본선,자연,차도,1.46,탑형,
2,160,강남~교대,본선,자연,차도,1.32,탑형,
2,161,강남~교대,본선,자연,차도,0.78,탑형,
2,162,강남~교대,본선,자연,차도,0.6,탑형,
2,163,강남~교대,본선,자연,차도,0.6,탑형,
2,164,강남~교대,본선,자연,차도,0.45,탑형,
2,165,강남~교대,본선,자연,차도,0.6,탑형,
2,166,교대,역사,배기,차도,1.45,탑형,
2,167,교대,역사,급기,차도,0.45,탑형,
2,168,교대,역사,배기,보도,0.69,탑형,
2,169,교대,역사,급기,보도,0.69,탑형,
2,170,교대,역사,급기,보도,1.9,탑형,
2,171,교대,역사,배기,보도,0.6,탑형,
2,172,교대~서초,본선,자연,보도,0.57,탑형,
2,173,교대~서초,본선,자연,보도,0.68,탑형,
2,174,교대~서초,본선,자연,보도,0.71,탑형,
2,175,교대~서초,본선,자연,보도,0.87,탑형,
2,176,교대~서초,본선,자연,차도,0.4,탑형,
2,177,서초,역사,배기,보도,0.78,탑형,
2,178,서초,역사,급기,보도,2,탑형,
2,179,서초,역사,급기,차도,1.25,탑형,
2,180,서초,역사,배기,차도,0.71,탑형,
2,181,서초,역사(변전실),급기,차도,1.5,탑형,
2,182,서초,역사(변전실),배기,차도,2.05,탑형,
2,183,서초~방배,본선,자연,녹지,1.6,탑형,
2,184,서초~방배,본선,자연,녹지,1.6,탑형,
2,185,서초~방배,본선,자연,보도,0,지면형,
2,186,서초~방배,본선,자연,보도,0,지면형,
2,187,서초~방배,본선,배기,기타,1.8,탑형,
2,188,서초~방배,본선,자연,보도,1.78,탑형,
2,189,서초~방배,본선,자연,보도,1.96,탑형,
2,190,방배,역사,급기,보도,1.4,탑형,
2,191,방배,역사,배기,보도,0.62,탑형,
2,191-1,방배,역사,급기,보도,1.1,탑형,
2,192,방배,역사,급기,보도,1.73,탑형,
2,193,방배,역사,배기,보도,0.55,탑형,
2,193-1,방배,역사,급기,보도,1.1,탑형,
2,194,방배~사당,본선,자연,보도,0.25,지면형,
2,195,방배~사당,본선,자연,보도,0.1,지면형,
2,196,방배~사당,본선,자연,보도,0.35,탑형,
2,197,방배~사당,본선,배기,보도,0.25,지면형,
2,198,방배~사당,본선,자연,녹지,1.03,탑형,
2,199,방배~사당,본선,자연,녹지,1.02,탑형,
2,200,사당,역사,배기,보도,0.62,탑형,
2,201,사당,역사,급기,보도,2.11,탑형,
2,202,사당,역사,배기,보도,1.22,탑형,
2,203,사당,역사,급기,보도,1.95,탑형,
2,204,사당,역사,급기,보도,1.22,탑형,
2,205,사당,역사,배기,보도,2.1,탑형,
2,206,사당,역사,급기,보도,1.83,탑형,
2,207,사당,역사,배기,보도,1.7,탑형,
2,208,사당~낙성대,본선,자연,차도,0.06,지면형,
2,209,사당~낙성대,본선,자연,보도,0.1,지면형,
2,210,사당~낙성대,본선,자연,보도,0.6,탑형,
2,211,사당~낙성대,본선,자연,차도,0.35,탑형,
2,212,사당~낙성대,본선,자연,차도,0.35,탑형,
2,213,사당~낙성대,본선,자연,차도,0.36,탑형,
2,214,사당~낙성대,본선,자연,차도,0.32,탑형,
2,215,사당~낙성대,본선,자연,차도,0.32,탑형,
2,216,사당~낙성대,본선,배기,보도,0.1,지면형,
2,217,사당~낙성대,본선,자연,차도,0.55,탑형,
2,218,사당~낙성대,본선,자연,차도,0.52,탑형,
2,219,낙성대,역사(변전실),배기,차도,1.54,탑형,
2,220,낙성대,역사(변전실),급기,차도,1.54,탑형,
2,221,낙성대,역사,급기,차도,1.54,탑형,
2,222,낙성대,역사,배기,차도,0.48,탑형,
2,223,낙성대,역사,배기,보도,0.56,탑형,
2,224,낙성대,역사,급기,보도,1.3,탑형,
2,225,낙성대~서울대,본선,자연,차도,0.46,탑형,
2,226,낙성대~서울대,본선,자연,차도,0.41,탑형,
2,227,낙성대~서울대,본선,자연,보도,1.8,탑형,
2,228,낙성대~서울대,본선,자연,차도,0.4,탑형,
2,229,낙성대~서울대,본선,자연,차도,0.37,탑형,
2,230,낙성대~서울대,본선,자연,차도,0.5,탑형,
2,231,낙성대~서울대,본선,자연,차도,0.4,탑형,
2,232,낙성대~서울대,본선,자연,차도,0.44,탑형,
2,233,낙성대~서울대,본선,배기,차도,0.45,탑형,
2,234,서울대,역사,배기,차도,0.69,탑형,
2,235,서울대,역사,급기,차도,1.43,탑형,
2,236,서울대,역사,배기,차도,0.6,탑형,
2,237,서울대,역사,급기,차도,1.6,탑형,
2,238,서울대~봉천,본선,자연,차도,0.53,탑형,
2,239,서울대~봉천,본선,자연,차도,0.5,탑형,
2,240,서울대~봉천,본선(유치선),자연,차도,0.5,탑형,
2,241,서울대~봉천,본선,자연,차도,0.5,탑형,
2,242,서울대~봉천,본선(유치선),자연,차도,0.5,탑형,
2,243,서울대~봉천,본선(유치선),자연,차도,0.5,탑형,
2,244,서울대~봉천,본선,자연,차도,0.52,탑형,
2,245,서울대~봉천,본선(유치선),자연,차도,0.43,탑형,
2,246,서울대~봉천,본선,자연,차도,0.5,탑형,
2,247,서울대~봉천,본선,자연,차도,0.55,탑형,
2,248,서울대~봉천,본선,자연,차도,0.5,탑형,
2,249,봉천,역사,급기,차도,1.58,탑형,
2,250,봉천,역사,배기,차도,0.45,탑형,
2,251,봉천,역사,급기,차도,1.63,탑형,
2,252,봉천,역사,배기,차도,1.7,탑형,
2,253,봉천~신림,본선,자연,차도,0.5,탑형,
2,254,봉천~신림,본선,자연,차도,0.56,탑형,
2,255,봉천~신림,본선,자연,차도,0.42,탑형,
2,256,봉천~신림,본선,자연,차도,0.7,탑형,
2,257,봉천~신림,본선,자연,차도,0.45,탑형,
2,258,봉천~신림,본선,자연,차도,0.4,탑형,
2,259,봉천~신림,본선,자연,차도,0.55,탑형,
2,260,봉천~신림,본선,자연,차도,0.89,탑형,
2,261,봉천~신림,본선,자연,차도,0.84,탑형,
2,262,봉천~신림,본선,배기,차도,1.3,탑형,
2,263,봉천~신림,본선,자연,차도,1,탑형,
2,264,신림,역사,급기,차도,1.8,탑형,
2,265,신림,역사(변전실),급기,녹지,1.5,탑형,
2,266,신림,역사(변전실),배기,보도,1.5,탑형,
2,267,신림,역사,급기,차도,2.1,탑형,
2,268,신림,역사,배기,차도,1.7,탑형,
2,269,신림~신대방,본선,자연,차도,1,탑형,
2,270,신도림U~신도림,본선,자연,녹지,0.8,탑형,
2,271,신도림U~신도림,본선,자연,녹지,1.4,탑형,
2,272,신도림U~신도림,본선,자연,녹지,1.45,탑형,
2,273,신도림U~신도림,본선,자연,녹지,1.1,탑형,
2,274,신도림U~신도림,본선,자연,녹지,0.25,지면형,
2,275,신도림U~신도림,본선,자연,녹지,0.95,탑형,
2,276,신도림,역사,배기,녹지,2.1,탑형,
2,277,신도림,역사,배기,녹지,2.1,탑형,
2,277-1,신도림,역사,배기,녹지,2.8,탑형,
2,277-2,신도림,역사,배기,녹지,0.54,탑형,
2,277-3,신도림,역사,배기,녹지,2,탑형,
2,277-4,신도림,역사,급기,녹지,2,탑형,
2,277-5,신도림,역사,배기,녹지,1.95,탑형,
2,277-6,신도림,역사,급기,녹지,2.5,탑형,
2,278,신도림,역사,배기,기타,0.5,탑형,
2,279,신도림,역사,급기,기타,2.4,탑형,
2,280,신도림~문래,본선,급기,녹지,4,탑형,
2,281,신도림~문래,본선,자연,보도,0.2,지면형,
2,282,신도림~문래,본선,자연,보도,0.2,지면형,
2,283,신도림~문래,본선,자연,보도,1.7,탑형,
2,284,신도림~문래,본선,자연,보도,2.1,탑형,
2,285,문래,역사,배기,보도,1.1,탑형,
2,286,문래,역사,급기,보도,2,탑형,
2,287,문래,역사,배기,보도,1.1,탑형,
2,288,신도림~문래,본선,자연,보도,1.5,탑형,
2,289,문래,역사,급기,보도,1.75,탑형,
2,290,신도림~문래,본선,자연,보도,1.75,탑형,
2,291,문래,역사,급기,보도,1.65,탑형,
2,292,문래,역사,배기,보도,1.6,탑형,
2,293,문래,역사,급기,보도,2.05,탑형,
2,294,문래,역사,배기,보도,1.1,탑형,
2,295,문래~영등포구청,본선,자연,보도,1.2,탑형,
2,296,문래~영등포구청,본선,자연,보도,1.2,탑형,
2,297,문래~영등포구청,본선,배기,보도,1.1,탑형,
2,298,문래~영등포구청,본선,자연,보도,1.1,탑형,
2,299,문래~영등포구청,본선,자연,보도,1.05,탑형,
2,300,영등포구청,역사(변전실),급기,보도,1.05,탑형,
2,301,영등포구청,역사(변전실),배기,녹지,1.55,탑형,
2,302,영등포구청,역사,급기,보도,1.85,탑형,
2,303,영등포구청,역사,급기,보도,1.1,탑형,
2,304,영등포구청,역사,배기,보도,1.85,탑형,
2,305,영등포구청,역사,배기,보도,1.1,탑형,
2,305-1,영등포구청,역사,자연,녹지,1.55,탑형,
2,305-2,영등포구청,역사,자연,녹지,1.55,탑형,
2,306,영등포구청,역사,배기,보도,1.1,탑형,
2,307,영등포구청,역사,급기,보도,1.8,탑형,
2,308,영등포구청,역사,배기,보도,0.75,탑형,
2,309,영등포구청,역사,급기,보도,1.85,탑형,
2,310,합정,역사,배기,보도,1.73,탑형,
2,311,합정,역사,배기,보도,1.24,탑형,
2,312,합정,역사,급기,녹지,1.22,탑형,
2,313,합정,역사,배기,보도,1.63,탑형,
2,314,합정,역사(변전실),급기,보도,1.26,탑형,
2,315,합정,역사,급기,보도,1.68,탑형,
2,316,합정,역사,배기,보도,0.7,탑형,
2,317,합정,역사(변전실),배기,보도,0.5,탑형,
2,318,합정~홍대입구,본선,자연,보도,0.7,탑형,
2,319,합정~홍대입구,본선,자연,보도,1.46,탑형,
2,320,합정~홍대입구,본선,배기,보도,0.95,탑형,
2,321,합정~홍대입구,본선,배기,보도,0.5,탑형,
2,322,합정~홍대입구,본선,자연,보도,0.42,탑형,
2,323,합정~홍대입구,본선,자연,보도,0.63,탑형,
2,324,홍대입구,역사,급기,보도,1.4,탑형,
2,325,홍대입구,역사,배기,보도,0.5,탑형,
2,327,홍대입구,역사,배기,보도,0.7,탑형,
2,,홍대입구,역사,급기,보도,1.4,탑형,
2,328,홍대입구,역사,배기,보도,1.3,탑형,
2,329,홍대입구~신촌,본선,자연,보도,0.6,탑형,
2,330,홍대입구~신촌,본선,자연,차도,1.3,탑형,
2,331,홍대입구~신촌,본선,배기,보도,0.55,탑형,
2,332,홍대입구~신촌,본선,배기,보도,0.6,탑형,
2,333,홍대입구~신촌,본선,자연,보도,0.6,탑형,
2,334,홍대입구~신촌,본선,자연,보도,0.6,탑형,
2,335,신촌,역사,배기,보도,0.1,지면형,
2,336,신촌,역사,급기,보도,1,탑형,
2,337,신촌,역사,급기,보도,0.6,탑형,
2,338,신촌,역사,배기,보도,1.7,탑형,
2,339,신촌~이대,본선,자연,보도,1.23,탑형,
2,340,신촌~이대,본선,자연,보도,1.03,탑형,
2,341,신촌~이대,본선,자연,보도,1.07,탑형,
2,342,신촌~이대,본선,자연,보도,1.07,탑형,
2,343,신촌~이대,본선,배기,보도,0.7,탑형,
2,344,신촌~이대,본선,급기,보도,0.68,탑형,
2,345,이대,역사,배기,보도,0.3,탑형,
2,346,이대,역사,급기,보도,1.3,탑형,
2,346-1,이대,역사(변전실),급기,보도,0.23,지면형,
2,346-2,이대,역사(변전실),배기,보도,1.5,탑형,
2,347,이대,역사,급기,녹지,3,탑형,
2,348,이대,역사,배기,녹지,1.38,탑형,
2,349,이대~아현,본선,급기,보도,0.3,탑형,
2,350,이대~아현,본선,배기,보도,0.68,탑형,
2,351,아현,역사,급기,차도,2.95,탑형,
2,352,아현,역사,배기,차도,3.5,탑형,
2,353,아현,역사,배기,차도,3.75,탑형,
2,354,아현,역사,급기,차도,2.95,탑형,
2,355,아현~충정로,본선,배기,보도,1,탑형,
2,356,아현~충정로,본선,급기,보도,1.13,탑형,
2,357,충정로,역사,급기,보도,1.55,탑형,
2,358,충정로,역사,배기,보도,1.55,탑형,
2,359,충정로,역사,급기,보도,1.32,탑형,
2,360,충정로,역사,배기,보도,1.32,탑형,
2,361,충정로,역사,급기,보도,1.26,탑형,
2,362,충정로~시청,본선,배기,보도,0.55,탑형,
2,363,충정로~시청,본선,배기,보도,0.04,지면형,
2,364,충정로~시청,본선,급기,보도,1.25,탑형,
2,365,시청,역사,배기,보도,1.21,탑형,
2,365-1,시청,역사,급기,보도,1.21,탑형,
2,366,시청,역사,급기,보도,1.14,탑형,
2,367,시청,역사,배기,보도,1.1,탑형,
2,368,시청~을지로입구,본선,자연,보도,0.12,지면형,
2,369,지선 입출고선~신설동,본선,자연,보도,1.83,탑형,
2,370,지선 입출고선~신설동,본선,자연,보도,0.6,탑형,
2,371,지선 입출고선~신설동,본선,자연,보도,1.8,탑형,
2,372,지선 입출고선~신설동,본선,자연,보도,0.52,탑형,
2,373,지선 입출고선~신설동,본선,자연,보도,0.6,탑형,
2,374,지선 입출고선~신설동,본선,자연,보도,0.61,탑형,
2,375,신설동,역사,배기,보도,1.72,탑형,
2,375-1,신설동,역사,배기,보도,1.22,탑형,
2,376,신설동,역사,배기,보도,1.15,탑형,
2,376-1,신설동,역사,배기,보도,1.2,탑형,
2,377,신설동,역사,급기,보도,1.15,탑형,
2,378,신설동,역사,급기,보도,2.1,탑형,
2,379,신설동,역사,배기,보도,0.67,탑형,
2,379-1,신설동,역사,배기,보도,1.33,탑형,
2,380,신설동~용두,본선,자연,보도,0.65,탑형,
2,381,신설동~용두,본선,자연,보도,0.65,탑형,
2,382,신설동~용두,본선,자연,보도,0.8,탑형,
2,383,신설동~용두,본선,자연,보도,0.8,탑형,
2,384,신설동~용두,본선,자연,보도,0.7,탑형,
2,385,신설동~용두,본선,자연,보도,0.7,탑형,
2,386,신설동~용두,본선,자연,보도,0.45,탑형,
2,387,신설동~용두,본선,자연,보도,0.45,탑형,
2,388,신설동~용두,본선,자연,보도,0.6,탑형,
2,389,신설동~용두,본선,자연,보도,0.4,탑형,
2,390,신설동~용두,본선,자연,보도,0.1,지면형,
2,391,신설동~용두,본선,자연,녹지,1.9,탑형,
2,392,신설동~용두,본선,자연,녹지,1.9,탑형,
2,393,신설동~용두,본선,자연,보도,1.07,탑형,
2,393-1,신설~용두,본선,배기,보도,1.3,탑형,
2,393-2,신설~용두,본선,배기,녹지,1.2,탑형,
2,393-3,용두역,역사,급기,녹지,1.16,탑형,
2,393-4,용두역,역사,배기,녹지,1.38,탑형,
2,397,신도림~도림천,본선,급기,보도,1.67,탑형,
2,398,신도림~도림천,본선,배기,보도,1.8,탑형,
2,399,신도림~도림천,본선,급기,녹지,1.37,탑형,
2,400,신도림~도림천,본선,배기,녹지,0.7,탑형,
2,401,도림천,역사,급기,기타,0.44,탑형,
2,402,도림천,역사,배기,기타,0.6,탑형,
2,403,도림천~양천구청,본선,배기,녹지,2.37,탑형,
2,404,도림천~양천구청,본선,급기,녹지,1.98,탑형,
2,405,도림천~양천구청,본선,급기,녹지,0.67,탑형,
2,406,양천구청,역사,배기,녹지,2.6,탑형,
2,407,양천구청,역사,급기,녹지,2.48,탑형,
2,408,양천구청,역사,급기,녹지,2.68,탑형,
2,409,양천구청,역사,배기,녹지,2.8,탑형,
2,410,양천구청,역사,배기,녹지,0.65,탑형,
2,411,양천구청~신정네거리,본선,급기,보도,1.8,탑형,
2,412,양천구청~신정네거리,본선,배기,녹지,1.1,탑형,
2,413,신정네거리,역사,급기,보도,1.09,탑형,
2,414,신정네거리,역사,배기,보도,1.04,탑형,
2,415,신정네거리,역사,급기,보도,1.25,탑형,
2,416,신정네거리,역사,배기,보도,0.24,지면형,
2,417,신정네거리~까치산,본선,배기,보도,0.6,탑형,
2,418,신정네거리~까치산,본선,급기,보도,1.07,탑형,
3,1,구파발,역사,급기,기타,0.6,탑형,
3,2,구파발,역사,배기,기타,1.6,탑형,
3,3,구파발,역사,급기,기타,0.54,탑형,
3,4,구파발,역사,배기,기타,0.8,탑형,
3,5,구파발~연신내,본선,자연,기타,0.6,탑형,
3,6,구파발~연신내,본선,배기,녹지,1.5,탑형,
3,7,구파발~연신내,본선,급기,녹지,0.6,탑형,
3,8,구파발~연신내,본선,급기,보도,0.15,지면형,
3,9,구파발~연신내,본선,배기,보도,0.25,지면형,
3,10,연신내,역사(변전실),배기,보도,0.21,지면형,
3,11,연신내,역사(변전실),급기,보도,0.13,지면형,
3,12,구파발~연신내,본선,자연,보도,0.2,지면형,
3,13,연신내,역사,배기,보도,0.6,탑형,
3,14,연신내,역사,급기,보도,0.6,탑형,
3,15,연신내,역사,급기,보도,1.3,탑형,
3,16,연신내,역사,배기,보도,0.76,탑형,
3,17,연신내~불광,본선,배기,보도,0.1,지면형,
3,18,연신내~불광,본선,급기,보도,0.5,탑형,
3,19,불광,역사,배기,보도,0.5,탑형,
3,20,불광,역사,배기,보도,0.48,탑형,
3,020-1,불광,역사,배기,보도,0.5,탑형,
3,21,불광,역사,배기,보도,1.12,탑형,
3,22,불광,역사,급기,보도,1.13,탑형,
3,23,불광,역사,배기,보도,0.6,탑형,
3,24,불광~녹번,본선,배기,보도,0.15,지면형,
3,25,불광~녹번,본선,급기,보도,0.15,지면형,
3,26,녹번,역사,배기,보도,0.42,탑형,
3,27,녹번,역사,급기,보도,0.63,탑형,
3,28,녹번,역사,배기,보도,0.58,탑형,
3,29,녹번,역사,급기,보도,0.7,탑형,
3,30,녹번,역사,급기,보도,1.04,탑형,
3,31,녹번,역사(변전실),급기,보도,0.83,탑형,
3,32,녹번,역사(변전실),배기,보도,0.54,탑형,
3,33,녹번~홍제,본선,급기,보도,0.25,지면형,
3,34,녹번~홍제,본선,배기,보도,0.6,탑형,
3,35,녹번~홍제,본선,급기,녹지,2,탑형,
3,36,녹번~홍제,본선,배기,녹지,2,탑형,
3,37,녹번~홍제,본선,자연,보도,0.2,지면형,
3,38,홍제,역사,배기,보도,0.25,지면형,
3,39,홍제,역사,급기,보도,0.6,탑형,
3,40,홍제,역사,급기,보도,0.1,지면형,
3,41,홍제,역사,배기,보도,0.1,지면형,
3,42,홍제,역사,배기,보도,0.3,탑형,
3,43,홍제~무악재,본선,급기,보도,0.2,지면형,
3,44,홍제~무악재,본선,배기,보도,0.11,지면형,
3,45,무악재,역사,배기,보도,0.1,지면형,
3,46,무악재,역사,급기,보도,0.2,지면형,
3,47,무악재,역사,급기,보도,1.58,탑형,
3,48,무악재,역사,배기,보도,0.25,지면형,
3,49,무악재,역사,배기,보도,0.6,탑형,
3,50,무악재,역사,급기,보도,0.32,탑형,
3,51,독립문,역사,급기,보도,0,지면형,
3,52,독립문,역사,배기,보도,1.6,탑형,
3,53,독립문,역사,급기,보도,1.2,탑형,
3,54,독립문,역사,배기,보도,0.6,탑형,
3,55,독립문,역사,배기,보도,0.1,지면형,
3,56,독립문,역사,급기,보도,1.58,탑형,
3,57,독립문,역사(변전실),급기,보도,0.13,지면형,
3,58,독립문,역사(변전실),급기,보도,1.2,탑형,
3,59,독립문,역사,배기,보도,0.1,지면형,
3,60,독립문,역사,급기,보도,1.7,탑형,
3,61,경복궁,역사,급기,보도,0.1,지면형,
3,62,경복궁,역사,급기,보도,0.1,지면형,
3,63,경복궁,역사,배기,보도,0.2,지면형,
3,64,경복궁,역사,배기,보도,2,탑형,
3,65,경복궁,역사,급기,보도,0.1,지면형,
3,66,경복궁,역사,배기,보도,0.2,지면형,
3,67,경복궁,역사,급기,보도,0.15,지면형,
3,68,안국,역사,배기,보도,1.3,탑형,
3,69,안국,역사,배기,보도,0.1,지면형,
3,70,안국,역사,배기,보도,0.08,지면형,
3,71,안국,역사,배기,보도,0.07,지면형,
3,72,안국,역사,급기,보도,1.7,탑형,
3,73,종로3가,역사,급기,보도,0.68,탑형,
3,74,종로3가,역사,배기,보도,0.6,탑형,
3,75,종로3가,역사(변전실),급기,보도,0.65,탑형,
3,76,종로3가,역사(변전실),배기,보도,0.6,탑형,
3,77,종로3가,역사,급기,보도,0.6,탑형,
3,78,종로3가,역사,배기,보도,0.65,탑형,
3,79,종로3가,역사,배기,보도,1.2,탑형,
3,80,종로3가,역사,급기,보도,0.08,지면형,
3,81,종로3가,역사,급기,보도,0.46,탑형,
3,82,종로3가,역사,배기,보도,0.1,지면형,
3,83,을지로3가,역사,급기,보도,0.2,지면형,
3,84,을지로3가,역사,배기,보도,0.1,지면형,
3,85,을지로3가,역사,급기,보도,0.1,지면형,
3,86,을지로3가,역사,배기,보도,0.1,지면형,
3,87,을지로3가,역사,급기,보도,0.2,지면형,
3,88,을지로3가,역사,배기,보도,0.15,지면형,
3,89,을지로3가,역사,급기,보도,0.1,지면형,
3,90,충무로~동대입구,본선,급기,차도,0.15,지면형,
3,91,충무로~동대입구,본선,자연,보도,1.2,탑형,
3,92,동대입구,역사,배기,보도,0.23,지면형,
3,93,동대입구,역사,급기,보도,0.16,지면형,
3,94,동대입구,역사,급기,보도,0.04,지면형,
3,95,동대입구,역사,급기,보도,0.04,지면형,
3,96,동대입구,역사,배기,보도,0.67,탑형,
3,97,동대입구~약수,본선(폐),배기(폐),기타(폐),0.6,탑형,폐쇄
3,98,동대입구~약수,본선,배기,기타,0.6,탑형,
3,99,동대입구~약수,본선,급기,기타,1.5,탑형,
3,100,약수,역사,배기,보도,1.5,탑형,
3,101,약수,역사,급기,보도,1.22,탑형,
3,101-1,약수,역사,배기,기타,0.58,탑형,
3,101-2,약수,역사,급기,기타,1.45,탑형,
3,102,약수,역사,급기,보도,1.56,탑형,
3,103,약수,역사,배기,보도,1.5,탑형,
3,104,약수~금호,본선(변전실),급기,보도,0.09,지면형,
3,105,약수~금호,본선(변전실),배기,보도,0.07,지면형,
3,106,약수~금호,본선,급기,보도,1.77,탑형,
3,107,약수~금호,본선,배기,보도,0.56,탑형,
3,108,금호,역사,배기,보도,0.76,탑형,
3,109,금호,역사,배기,보도,0.54,탑형,
3,110,금호,역사,급기,보도,0.24,지면형,
3,111,금호,역사,배기,보도,0.03,지면형,
3,112,금호~옥수,본선,자연,보도,0.08,지면형,
3,113,압구정~옥수,본선,자연,보도,0.68,탑형,
3,114,압구정~옥수,본선,자연,보도,0.1,지면형,
3,115,압구정~옥수,본선(변전실),배기,보도,0.57,탑형,
3,116,압구정~옥수,본선(변전실),배기,녹지,0.2,지면형,
3,117,압구정,역사,급기,차도,0.64,탑형,
3,117-1,압구정,역사,배기,차도,1.24,탑형,
3,118,압구정,역사,급기,보도,1.7,탑형,
3,118-1,압구정,역사,배기,보도,0.6,탑형,
3,119,압구정,역사,배기,보도,0.6,탑형,
3,120,압구정,역사,급기,보도,2,탑형,
3,121,압구정,본선,배기,보도,0.2,지면형,
3,122,압구정~신사,본선,급기,보도,0.15,지면형,
3,123,압구정~신사,본선,배기,보도,0.8,탑형,
3,124,신사,역사,배기,보도,0.8,탑형,
3,125,신사,역사,급기,보도,1.6,탑형,
3,126,신사,역사,배기,보도,0.6,탑형,
3,127,신사,역사,급기,보도,1.2,탑형,
3,128,신사~잠원,본선,배기,보도,0.05,지면형,
3,129,신사~잠원,본선,급기,보도,1.2,탑형,
3,130,신사~잠원,본선,배기,보도,0.5,탑형,
3,131,잠원,역사,급기,녹지,1.4,탑형,
3,132,잠원,역사,배기,녹지,1.31,탑형,
3,133,잠원,역사,배기,녹지,0.4,탑형,
3,134,잠원,역사,급기,녹지,1.3,탑형,
3,135,잠원~고속터미널,본선,자연,녹지,1.5,탑형,
3,136,잠원~고속터미널,본선,자연,보도,1.12,탑형,
3,137,잠원~고속터미널,본선,자연,보도,0.65,탑형,
3,138,잠원~고속터미널,본선,자연,보도,1.03,탑형,
3,139,잠원~고속터미널,본선,자연,보도,0.97,탑형,
3,140,잠원~고속터미널,본선,자연,녹지,1.55,탑형,
3,141,잠원~고속터미널,본선,자연,보도,1.47,탑형,
3,142,잠원~고속터미널,본선,자연,녹지,1.15,탑형,
3,143,잠원~고속터미널,본선,자연,녹지,1.44,탑형,
3,144,잠원~고속터미널,본선,자연,녹지,1.28,탑형,
3,145,잠원~고속터미널,본선,자연,보도,0.63,탑형,
3,146,잠원~고속터미널,본선,자연,보도,1.1,탑형,
3,147,고속터미널,역사,급기,보도,2.1,탑형,
3,147-1,고속터미널,역사,배기,보도,0.93,탑형,
3,148,고속터미널,역사,급기,기타,3.6,탑형,
3,148-1,고속터미널,역사,배기,기타,2,탑형,
3,149,고속터미널,역사(변전실),급기,기타,2.94,탑형,
3,150,고속터미널,역사(변전실),배기,기타,3.02,탑형,
3,151,고속터미널~교대,본선,급기,녹지,1.35,탑형,
3,152,고속터미널~교대,본선,배기,녹지,0.6,탑형,
3,153,고속터미널~교대,본선,급기,보도,0.14,지면형,
3,154,고속터미널~교대,본선,배기,보도,0.2,지면형,
3,155,교대,역사,급기,보도,0.6,탑형,
3,156,교대,역사,배기,보도,0.63,탑형,
3,157,교대,역사,배기,보도,0.18,지면형,
3,158,교대,역사,급기,보도,0.6,탑형,
3,159,교대~남부터미널,본선,자연,보도,0.51,탑형,
3,160,교대~남부터미널,본선,자연,보도,0.6,탑형,
3,161,교대~남부터미널,본선,배기,보도,0.3,탑형,
3,162,교대~남부터미널,본선,급기,보도,0.08,지면형,
3,163,교대~남부터미널,본선,배기,보도,0.15,지면형,
3,164,남부터미널,역사,배기,보도,3.1,탑형,
3,165,남부터미널,역사,급기,보도,2.78,탑형,
3,166,남부터미널,역사,급기,보도,0.9,탑형,
3,167,남부터미널,역사,배기,보도,1.5,탑형,
3,168,남부터미널,역사,배기,보도,0.9,탑형,
3,169,남부터미널,역사(변전실),급기,보도,1.95,탑형,
3,170,남부터미널,역사(변전실),배기,보도,0.2,지면형,
3,171,남부터미널~양재,본선,배기,보도,0.3,탑형,
3,171-1,남부터미널~양재,본선,배기,보도,0.25,지면형,
3,171-2,남부터미널~양재,본선,배기,보도,1.58,탑형,
3,171-3,남부터미널~양재,본선,배기,녹지,2.1,탑형,
3,172,남부터미널~양재,본선,자연,보도,0.6,탑형,
3,173,남부터미널~양재,본선,급기,보도,2.5,탑형,
3,174,남부터미널~양재,본선,급기,보도,2,탑형,
3,175,남부터미널~양재,본선,배기,보도,0.25,지면형,
3,176,양재,역사,배기,보도,0.6,탑형,
3,177,양재,역사,배기,보도,0.6,탑형,
3,178,양재,역사,급기,녹지,1,탑형,
3,179,양재,역사,급기,보도,1.64,탑형,
3,180,양재~매봉,본선,자연,보도,0.6,탑형,
3,181,양재~매봉,본선,배기,보도,0.15,지면형,
3,182,양재~매봉,본선,자연,보도,0.25,지면형,
3,183,매봉,역사,급기,보도,2.05,탑형,
3,184,매봉,역사,배기,보도,2.05,탑형,
3,185,매봉,역사,배기,보도,2.35,탑형,
3,186,매봉,역사(변전실),배기,보도,2.08,탑형,
3,187,매봉,역사(변전실),배기,보도,2.05,탑형,
3,188,매봉~도곡,본선,배기,녹지,1.55,탑형,
3,189,매봉~도곡,본선,급기,녹지,2,탑형,
3,190,매봉~도곡,본선,급기,녹지,2.05,탑형,
3,191,도곡,역사,급기,보도,2.1,탑형,
3,192,도곡,역사,배기,보도,2.18,탑형,
3,193,도곡,역사,급기,보도,1.9,탑형,
3,194,도곡,역사,배기,보도,1.93,탑형,
3,195,도곡~대치,본선,배기,녹지,0.9,탑형,
3,196,도곡~대치,본선,배기,녹지,0.9,탑형,
3,197,도곡~대치,본선,급기,녹지,0.45,탑형,
3,198,도곡~대치,본선,급기,녹지,0.4,탑형,
3,199,대치,역사,배기,보도,2.02,탑형,
3,200,대치,역사,급기,보도,2.09,탑형,
3,201,대치,역사,급기,보도,1.88,탑형,
3,202,대치,역사,배기,보도,2,탑형,
3,203,대치~학여울,본선,급기,보도,2.27,탑형,
3,204,대치~학여울,본선,배기,녹지,2.27,탑형,
3,205,학여울,역사,배기,녹지,1.5,탑형,
3,206,학여울,역사,급기,녹지,1.5,탑형,
3,207,학여울,역사,급기,녹지,1.55,탑형,
3,208,학여울,역사,배기,녹지,1.95,탑형,
3,209,학여울,역사,급기,녹지,1.95,탑형,
3,210,학여울~대청,본선,배기,기타,2.5,탑형,
3,211,학여울~대청,본선,배기,기타,0.6,탑형,
3,212,학여울~대청,본선,배기,녹지,2,탑형,
3,213,대청,역사,배기,보도,1.95,탑형,
3,214,대청,역사,급기,보도,1.85,탑형,
3,215,대청,역사,배기,기타,1.52,탑형,
3,216,대청,역사,급기,기타,1.52,탑형,
3,217,대청,역사(변전실),배기,보도,1.97,탑형,
3,218,대청,역사(변전실),배기,보도,2.12,탑형,
3,219,대청~일원,본선,배기,기타,1.64,탑형,
3,220,대청~일원,본선,급기,녹지,2,탑형,
3,221,대청~일원,본선,배기,보도,0.6,탑형,
3,222,일원,역사,급기,보도,2,탑형,
3,223,일원,역사,배기,보도,2,탑형,
3,224,일원,역사,배기,보도,2.1,탑형,
3,225,일원,역사,급기,보도,2,탑형,
3,226,일원~수서,본선,배기,녹지,1.5,탑형,
3,227,일원~수서,본선,급기,기타,1.6,탑형,
3,228,일원~수서,본선,배기,차도,1.9,탑형,
3,229,수서,역사,급기,보도,1.8,탑형,
3,230,수서,역사,배기,보도,1.8,탑형,
3,231,수서,역사,배기,보도,0.3,탑형,
3,232,수서,역사,급기,보도,1.2,탑형,
3,233,수서기지,본선,자연,기타,2.5,탑형,
3,234,수서~가락시장,본선,배기,보도,1.6,탑형,
3,235,기지내 신출고선,출고선,급기,녹지,4.15,탑형,
3,236,수서~가락시장,본선,급기,녹지,1.4,탑형,
3,237,수서~가락시장,본선,배기,보도,1.5,탑형,
3,238,가락시장역,역사,배기,보도,1.7,탑형,
3,239,가락시장역,역사,급기,보도,1.4,탑형,
3,240,가락시장역,역사,배기,보도,1.7,탑형,
3,241,가락시장역,역사,급기,보도,1.7,탑형,
3,242,가락시장~경찰병원,본선,배기,보도,1.5,탑형,
3,243,가락시장~경찰병원,본선,급기,보도,1.7,탑형,
3,244,가락시장~경찰병원,본선,배기,보도,1.6,탑형,
3,245,경찰병원역,역사,급기,보도,1.6,탑형,
3,246,경찰병원역,역사,배기,보도,1.6,탑형,
3,247,경찰병원역,역사,급기,보도,1.5,탑형,
3,248,경찰병원역,역사,배기,보도,1.5,탑형,
3,249,경찰병원~오금,본선,배기,보도,1.6,탑형,
3,250,경찰병원~오금,본선,급기,보도,1.6,탑형,
3,251,경찰병원~오금,본선,배기,보도,1.8,탑형,
3,252,경찰병원~오금,본선,배기,보도,1.7,탑형,
3,253,오금역,역사,급기,보도,1.7,탑형,
3,254,오금역,역사,배기,녹지,1.7,탑형,
3,255,오금역,역사,급기,보도,1.5,탑형,
3,256,오금역,역사(변전실),급기,보도,1.7,탑형,
3,257,오금역,역사(변전실),급기,보도,1.5,탑형,
3,258,오금~유치선,본선,배기,보도,1.8,탑형,
3,259,오금~유치선,본선,급기,보도,1.8,탑형,
3,260,오금~유치선,본선,급기,녹지,1.5,탑형,
4,1,창동~쌍문,본선,배기,보도,1.02,탑형,
4,2,창동~쌍문,본선,자연,보도,1.4,탑형,
4,3,쌍문,역사,급기,보도,1.54,탑형,
4,4,쌍문,역사,배기,보도,0.6,탑형,
4,5,쌍문,역사,급기,보도,0.7,탑형,
4,6,쌍문,역사,배기,보도,0.6,탑형,
4,7,쌍문,역사(변전실),급기,보도,0.6,탑형,
4,8,쌍문,역사(변전실),배기,보도,0.12,지면형,
4,9,쌍문~수유,본선,배기,보도,0.6,탑형,
4,10,쌍문~수유,본선,급기,보도,0.6,탑형,
4,11,쌍문~수유,본선,배기,보도,0.54,탑형,
4,13,수유,역사,급기,보도,1.06,탑형,
4,14,수유,역사,배기,보도,0.72,탑형,
4,15,수유,역사,배기,보도,0.6,탑형,
4,16,수유,역사,급기,보도,1.4,탑형,
4,17,수유~미아,본선,배기,보도,0.45,탑형,
4,18,수유~미아,본선,급기,보도,1.8,탑형,
4,19,수유~미아,본선,배기,보도,0.6,탑형,
4,20,미아,역사,급기,보도,0.6,탑형,
4,21,미아,역사,배기,보도,0.25,지면형,
4,22,미아,역사,급기,보도,1.54,탑형,
4,23,미아,역사,배기,보도,0.3,탑형,
4,24,미아~미아삼거리,본선,배기,보도,0.6,탑형,
4,25,미아~미아삼거리,본선,급기,보도,0.62,탑형,
4,26,미아~미아삼거리,본선,배기,보도,0.62,탑형,
4,27,미아삼거리,역사(변전실),배기,보도,1.2,탑형,
4,28,미아삼거리,역사(변전실),급기,보도,1.2,탑형,
4,29,미아삼거리,역사,배기,보도,1.2,탑형,
4,30,미아삼거리,역사,급기,보도,1.1,탑형,
4,31,미아삼거리,역사,배기,보도,1.2,탑형,
4,32,미아삼거리,역사,급기,보도,1.2,탑형,
4,33,미아삼거리~길음,본선,자연,보도,0.6,탑형,
4,34,미아삼거리~길음,본선,자연,보도,0.6,탑형,
4,35,미아삼거리~길음,본선,배기,보도,1.5,탑형,
4,36,미아삼거리~길음,본선,급기,보도,0.6,탑형,
4,37,미아삼거리~길음,본선,배기,보도,0.6,탑형,
4,38,길음,역사,급기,녹지,1.58,탑형,
4,39,길음,역사,배기,녹지,1.25,탑형,
4,039-1,길음,역사,배기,보도,0.1,지면형,
4,40,길음,역사,급기,보도,1.58,탑형,
4,41,길음,역사,배기,보도,0.83,탑형,
4,42,길음~성신여대,본선,배기,기타,1.2,탑형,
4,43,길음~성신여대,본선,급기,기타,1.7,탑형,
4,44,길음~성신여대,본선,급기,보도,0.12,지면형,
4,45,길음~성신여대,본선,배기,보도,0.14,지면형,
4,46,길음~성신여대,본선,자연,보도,0,지면형,
4,47,성신여대,역사,배기,보도,0,지면형,
4,48,성신여대,역사,급기,보도,0.24,지면형,
4,49,성신여대,역사,급기,보도,1.5,탑형,
4,50,성신여대,역사,배기,보도,1.5,탑형,
4,51,성신여대,역사(변전실),급기,보도,0.3,탑형,
4,52,성신여대,역사(변전실),배기,보도,0.25,지면형,
4,53,성신여대~한성대,본선,자연,보도,0.15,지면형,
4,54,성신여대~한성대,본선,배기,보도,0.7,탑형,
4,55,성신여대~한성대,본선,자연,보도,0.15,지면형,
4,56,성신여대~한성대,본선,자연,보도,0.7,탑형,
4,57,한성대입구,역사,배기,보도,0.13,지면형,
4,58,한성대입구,역사,급기,보도,0.4,탑형,
4,59,한성대입구,역사,급기,보도,0.05,지면형,
4,60,한성대입구,역사,배기,보도,0.25,지면형,
4,61,한성대~혜화,본선,자연,보도,0.3,탑형,
4,62,한성대~혜화,본선,배기,녹지,0.73,탑형,
4,63,한성대~혜화,본선,자연,보도,0.8,탑형,
4,64,혜화,역사,급기,보도,1.2,탑형,
4,65,혜화,역사,배기,보도,0.55,탑형,
4,66,혜화,역사,배기,보도,0.25,지면형,
4,67,혜화,역사,급기,보도,1.58,탑형,
4,68,혜화~동대문,본선,자연,보도,0.75,탑형,
4,69,혜화~동대문,본선,자연,녹지,0.45,탑형,
4,70,혜화~동대문,본선,자연,보도,0.2,지면형,
4,71,혜화~동대문,본선,배기,보도,0.55,탑형,
4,72,혜화~동대문,본선,자연,보도,0.65,탑형,
4,73,혜화~동대문,본선,급기,보도,0.65,탑형,
4,74,혜화~동대문,본선,배기,보도,0.62,탑형,
4,75,동대문,역사,배기,보도,1,탑형,
4,76,동대문,역사,급기,보도,1.5,탑형,
4,77,동대문,역사,배기,보도,1.68,탑형,
4,78,동대문,역사,급기,보도,0.7,탑형,
4,79,동대문~동대문역사문화공원,본선,배기,보도,1.26,탑형,
4,80,동대문역사문화공원,역사,배기,보도,0.6,탑형,
4,81,동대문역사문화공원,역사,급기,보도,1.22,탑형,
4,84,동대문역사문화공원,역사(변전실),급기,보도,0.6,탑형,
4,85,동대문역사문화공원,역사(변전실),배기,녹지,1,탑형,
4,87,동대문역사문화공원~충무로,본선,배기,보도,0.14,지면형,
4,88,동대문역사문화공원~충무로,본선,자연,보도,0.14,지면형,
4,89,동대문역사문화공원~충무로,본선,자연,보도,0.15,지면형,
4,90,충무로,역사,배기,보도,0.15,지면형,
4,91,충무로,역사,급기,보도,0.09,지면형,
4,92,충무로,역사,배기,보도,0.1,지면형,
4,93,충무로,역사,급기,보도,0.1,지면형,
4,94,충무로,역사,급기,보도,1.2,탑형,
4,95,충무로,역사,배기,보도,0.6,탑형,
4,96,충무로,역사,배기,보도,0.3,탑형,
4,97,충무로,역사,급기,보도,0.3,탑형,
4,98,명동,역사,급기,보도,0.08,지면형,
4,99,명동,역사,배기,보도,0.08,지면형,
4,100,명동,역사,급기,보도,0,지면형,
4,101,명동,역사,배기,보도,0,지면형,
4,102,회현,역사,배기,보도,0.9,탑형,
4,103,회현,역사,급기,보도,0.1,지면형,
4,104,회현,역사,배기,보도,0,지면형,
4,105,회현,역사,급기,보도,0,지면형,
4,106,회현,역사,급기,보도,0,지면형,
4,107,회현,역사,배기,보도,0,지면형,
4,108,회현,본선,급기,기타,0.12,지면형,
4,109,회현,역사(변전실),배기,기타,0.1,지면형,
4,110,회현,본선,배기,기타,0.12,지면형,
4,111,회현,역사(변전실),급기,보도,0,지면형,
4,112,회현~서울역,본선,급기,차도,1.85,탑형,
4,113,회현~서울역,본선,배기,차도,1.95,탑형,
4,114,서울역,역사,급기,보도,1.5,탑형,
4,115,서울역,역사,배기,보도,0.6,탑형,
4,116,서울역,역사,배기,보도,1.6,탑형,
4,117,서울역,역사,급기,보도,1.6,탑형,
4,118,서울역~숙대입구,본선,배기,보도,0.3,탑형,
4,119,서울역~숙대입구,본선,자연,보도,0.3,탑형,
4,120,서울역~숙대입구,본선,자연,보도,0.6,탑형,
4,121,숙대입구,역사,배기,보도,0.2,지면형,
4,122,숙대입구,역사,급기,보도,1.2,탑형,
4,123,숙대입구,역사,급기,보도,1.2,탑형,
4,124,숙대입구,역사,배기,보도,0.6,탑형,
4,125,숙대입구~삼각지,본선,자연,보도,0.6,탑형,
4,126,숙대입구~삼각지,본선,자연,보도,0.6,탑형,
4,127,숙대입구~삼각지,본선,배기,보도,1,탑형,
4,128,숙대입구~삼각지,본선,자연,보도,0.5,탑형,
4,129,삼각지,역사,급기,보도,1.2,탑형,
4,130,삼각지,역사,배기,보도,1.4,탑형,
4,131,삼각지,역사(변전실),급기,보도,3,탑형,
4,132,삼각지,역사(변전실),배기,보도,0.8,탑형,
4,133,삼각지,역사,배기,보도,0.7,탑형,
4,134,삼각지,역사,급기,보도,1.2,탑형,
4,135,삼각지~신용산,본선,자연,보도,0.56,탑형,
4,136,삼각지~신용산,본선,배기,보도,0.6,탑형,
4,137,삼각지~신용산,본선,자연,보도,1,탑형,
4,138,신용산,역사,급기,보도,0.6,탑형,
4,139,신용산,역사,배기,보도,0.45,탑형,
4,140,신용산,역사,급기,보도,1.64,탑형,
4,141,신용산,역사,배기,보도,0.8,탑형,
4,142,신용산~이촌,본선,배기,보도,0.6,탑형,
4,143,신용산~이촌,본선,급기,보도,1.5,탑형,
4,144,신용산~이촌,본선,배기,보도,1.95,탑형,
4,145,이촌,역사(변전실),배기,보도,1.25,탑형,
4,146,이촌,역사(변전실),급기,보도,1.36,탑형,
4,147,이촌,역사,배기,보도,1.23,탑형,
4,148,이촌,역사,급기,보도,1,탑형,
4,149,이촌,역사,배기,보도,1.59,탑형,
4,150,이촌,역사,급기,보도,0.8,탑형,
4,151,이촌~동작,본선,자연,보도,0.8,탑형,
4,152,이촌~동작,본선,자연,보도,0.78,탑형,
4,153,이촌~동작,본선,자연,보도,0.84,탑형,
4,154,이촌~동작,본선,자연,보도,0.8,탑형,
4,155,이촌~동작,본선,자연,보도,0.8,탑형,
4,156,이촌~동작,본선,자연,보도,0.88,탑형,
4,157,이촌~동작,본선,자연,보도,0.85,탑형,
4,158,총신대입구~동작,본선,배기,보도,0.15,지면형,
4,159,총신대입구~동작,본선,자연,보도,0.6,탑형,
4,160,총신대입구~동작,본선,자연,보도,0.6,탑형,
4,161,총신대입구,역사,배기,보도,1.4,탑형,
4,162,총신대입구,역사,급기,보도,1.3,탑형,
4,163,총신대입구,역사,배기,보도,1.3,탑형,
4,164,총신대입구,역사,급기,보도,1.3,탑형,
4,165,총신대입구,역사(변전실),배기,보도,0.6,탑형,
4,166,총신대입구,역사(변전실),급기,보도,1.2,탑형,
4,167,총신대입구~사당,본선,배기,보도,1,탑형,
4,168,총신대입구~사당,본선,급기,보도,0.6,탑형,
4,169,총신대입구~사당,본선,배기,보도,0.6,탑형,
4,170,총신대입구~사당,본선,배기,보도,0.6,탑형,
4,171,사당,역사,배기,보도,0.38,탑형,
4,172,사당,역사,급기,보도,1.58,탑형,
4,173,사당,역사,급기,보도,0.98,탑형,
4,174,사당,역사,배기,보도,0.34,탑형,
4,175,사당,역사,급기,차도,1.9,탑형,
4,176,사당,역사,배기,차도,1.9,탑형,
4,177,사당~남태령,본선,배기,보도,0.62,탑형,
4,178,사당~남태령,본선,급기,차도,3.9,탑형,
4,179,사당~남태령,본선,급기,차도,2.33,탑형,
4,180,남태령,역사,급기,녹지,2.4,탑형,
4,181,남태령,역사,배기,녹지,1.17,탑형,
5,1,기지∼방화,본선,배기,녹지,0.26,지면형,
5,2,방화,역사,배기,보도,2,탑형,
5,3,방화,역사,배기,보도,1.3,탑형,
5,4,방화,역사,급기,보도,2,탑형,
5,5,방화,역사,급기,보도,1.58,탑형,
5,6,방화,역사,급기,보도,2,탑형,
5,7,방화,역사,배기,보도,0.41,탑형,
5,8,방화∼개화산,본선,배기,보도,0.47,탑형,
5,9,방화∼개화산,본선,급기,녹지,2,탑형,
5,10,방화∼개화산,본선,배기,녹지,0.49,탑형,
5,11,개화산,역사,급기,기타,,지면형,역사 접합시설물
5,12,개화산,역사,배기,기타,,지면형,역사 접합시설물
5,13,개화산,역사,배기,기타,0.8,탑형,
5,14,개화산,역사,급기,기타,0.8,탑형,
5,15,개화산∼공항,본선,배기,보도,0.97,탑형,
5,16,개화산∼공항,본선,급기,녹지,2,탑형,
5,17,개화산∼공항,본선,배기,녹지,2,탑형,
5,18,공항,역사,배기,녹지,1,탑형,
5,19,공항,역사,급기,녹지,1,탑형,
5,20,공항,역사,배기,녹지,1.6,탑형,
5,21,공항,역사,급기,녹지,1.57,탑형,
5,22,공항,역사,급기,녹지,1.61,탑형,
5,23,공항,역사,배기,녹지,1.53,탑형,
5,24,공항∼송정,본선,배기,녹지,1.09,탑형,
5,25,공항∼송정,본선,급기,기타,1.9,탑형,
5,26,공항∼송정,본선,배기,보도,0.13,지면형,
5,27,송정,역사,급기,보도,1.3,탑형,
5,28,송정,역사,배기,보도,0.17,지면형,
5,29,송정,역사,배기,보도,1.25,탑형,
5,30,송정,역사,급기,보도,2.16,탑형,
5,31,송정,역사,배기,보도,1.97,탑형,
5,32,송정-마곡,본선,배기,보도,1.41,탑형,
5,33,송정-마곡,본선,급기,보도,1.66,탑형,
5,34,송정-마곡,본선,배기,기타,2.12,탑형,
5,35,마곡,역사,배기,기타,2,탑형,
5,36,마곡,역사,배기,기타,2,탑형,
5,37,마곡,역사,급기,기타,1.95,탑형,
5,38,마곡,역사,배기,기타,1.95,탑형,
5,39,마곡,역사,급기,기타,2,탑형,
5,40,마곡,역사,급기,기타,2,탑형,
5,41,마곡,역사,급기,기타,2,탑형,
5,42,마곡,역사,배기,기타,2.15,탑형,
5,43,마곡,본선,배기,기타,2,탑형,
5,44,마곡-발산,본선,급기,기타,2.16,탑형,
5,45,마곡-발산,본선,배기,기타,2.2,탑형,
5,46,발산,역사,배기,기타,7.6,탑형,
5,47,발산,역사,급기,기타,7.6,탑형,
5,48,발산,역사,급기,기타,1.75,탑형,
5,49,발산,역사,급기,기타,2,탑형,
5,50,발산,역사,배기,기타,2,탑형,
5,51,발산-우장산,본선,배기,보도,2,탑형,
5,52,발산-우장산,본선,급기,보도,1.9,탑형,
5,53,발산-우장산,본선,배기,보도,0.1,지면형,
5,54,우장산,역사,급기,보도,1.75,탑형,
5,55,우장산,역사,배기,보도,2.25,탑형,
5,56,우장산,역사,배기,보도,0.35,탑형,
5,57,우장산,역사,급기,보도,2,탑형,
5,58,우장산,역사,급기,보도,1.78,탑형,
5,59,우장산,역사,배기,보도,1.87,탑형,
5,60,우장산-화곡,본선,배기,보도,1.65,탑형,
5,61,우장산-화곡,본선,급기,보도,1.78,탑형,
5,62,우장산-화곡,본선,배기,보도,1.74,탑형,
5,63,화곡,역사,배기,보도,1.71,탑형,
5,64,화곡,역사,급기,보도,1.82,탑형,
5,65,화곡,역사,급기,보도,1.56,탑형,
5,66,화곡,역사,배기,보도,0.2,지면형,
5,67,화곡,역사,급기,보도,1.73,탑형,
5,68,화곡,역사,배기,보도,1.57,탑형,
5,69,화곡,역사,배기,보도,0.25,지면형,
5,70,화곡-까치산,본선,배기,보도,1.68,탑형,
5,71,화곡-까치산,본선,급기,보도,1.34,탑형,
5,72,화곡-까치산,본선,급기,보도,1.37,탑형,
5,73,화곡-까치산,본선,배기,보도,0.3,탑형,
5,74,까치산,역사,급기,보도,1.39,탑형,
5,75,까치산,역사,배기,보도,1.45,탑형,
5,76,까치산,역사,배기,보도,1.69,탑형,
5,77,까치산,역사,급기,보도,1.97,탑형,
5,78,까치산,역사,배기,보도,0.28,지면형,
5,79,까치산-신정,본선,배기,보도,1.46,탑형,
5,80,까치산-신정,본선,급기,보도,1.52,탑형,
5,81,까치산-신정,본선,배기,보도,0.07,지면형,
5,82,신정,역사,배기,보도,1.53,탑형,
5,83,신정,역사,급기,보도,1.01,탑형,
5,84,신정,역사,배기,보도,0,지면형,
5,85,신정,역사,급기,보도,1.01,탑형,
5,86,신정,역사,배기,보도,0.15,지면형,
5,87,신정,역사,급기,보도,1.58,탑형,
5,88,신정,역사,배기,보도,1.3,탑형,
5,89,신정,역사,급기,보도,0.99,탑형,
5,90,신정-목동,본선,배기,보도,0.35,탑형,
5,91,신정-목동,본선,급기,보도,1.28,탑형,
5,92,신정-목동,본선,배기,보도,0.64,탑형,
5,93,목동,역사,급기,녹지,1.6,탑형,
5,94,목동,역사,배기,보도,1.07,탑형,
5,95,목동,역사,급기,보도,1.85,탑형,
5,96,목동,역사,배기,보도,1.6,탑형,
5,97,목동,역사,급기,보도,1.78,탑형,
5,98,목동,역사,급기,보도,1.67,탑형,
5,99,목동,역사,배기,보도,0.6,탑형,
5,100,목동-오목교,본선,배기,보도,0.5,탑형,
5,101,목동-오목교,본선,급기,보도,1.25,탑형,
5,102,목동-오목교,본선,배기,보도,0.62,탑형,
5,103,오목교,역사,급기,보도,1.5,탑형,
5,104,오목교,역사,배기,보도,1.19,탑형,
5,105,오목교,역사,급기,보도,1.7,탑형,
5,106,오목교,역사,배기,보도,0.6,탑형,
5,107,오목교,역사,급기,보도,1.41,탑형,
5,108,오목교,역사,배기,보도,1.31,탑형,
5,109,오목교∼양평,본선,배기,보도,0.6,탑형,
5,110,오목교∼양평,본선,급기,녹지,2.1,탑형,
5,111,오목교∼양평,본선,배기,보도,1.45,탑형,
5,112,양평,역사,배기,보도,1.53,탑형,
5,113,양평,역사,급기,보도,1.54,탑형,
5,114,양평,역사,급기,보도,1.42,탑형,
5,115,양평,역사,급기,보도,1.61,탑형,
5,116,양평,역사,배기,보도,1.55,탑형,
5,117,양평∼영등포구청,본선,배기,보도,1.43,탑형,
5,118,양평∼영등포구청,본선,급기,보도,1.45,탑형,
5,119,양평∼영등포구청,본선,배기,보도,0.6,탑형,
5,120,영등포구청,역사,배기,보도,1.35,탑형,
5,121,영등포구청,역사,급기,보도,1.35,탑형,
5,122,영등포구청,역사,급기,녹지,1.41,탑형,
5,123,영등포구청,역사,급기,보도,1.5,탑형,
5,124,영등포구청,역사,배기,보도,1.39,탑형,
5,125,영등포구청,역사,배기,보도,1.39,탑형,
5,126,영등포구청∼영등포시장,본선,배기,보도,0.6,탑형,
5,127,영등포구청∼영등포시장,본선,급기,기타,1.5,탑형,
5,128,영등포구청∼영등포시장,본선,배기,기타,1.3,탑형,
5,129,영등포시장,역사,급기,보도,1.4,탑형,
5,130,영등포시장,역사,급기,보도,1.45,탑형,
5,131,영등포시장,역사,급기,보도,1.45,탑형,
5,132,영등포시장,역사,배기,보도,0.9,탑형,
5,133,영등포시장,역사,배기,보도,0.96,탑형,
5,134,영등포시장,역사,배기,보도,0.9,탑형,
5,135,영등포시장,역사,배기,보도,0.9,탑형,
5,136,영등포시장,역사,배기,보도,1,탑형,
5,137,영등포시장,역사,급기,보도,1.42,탑형,
5,138,영등포시장∼신길,본선,배기,녹지,1.8,탑형,
5,139,영등포시장∼신길,본선,급기,녹지,1,탑형,
5,140,영등포시장∼신길,본선,배기,보도,1.5,탑형,
5,141,신길,역사,배기,보도,1,탑형,
5,142,신길,역사,급기,보도,1.35,탑형,
5,143,신길,역사,급기,녹지,1.5,탑형,
5,144,신길,역사,급기,녹지,1.6,탑형,
5,145,신길,역사,배기,녹지,3,탑형,
5,146,신길,역사,배기,녹지,3,탑형,
5,147,신길∼여의도,본선,배기,녹지,1.5,탑형,
5,148,신길∼여의도,본선,급기,녹지,1.5,탑형,
5,149,신길∼여의도,본선,배기,보도,0.6,탑형,
5,150,여의도,역사,급기,보도,1.5,탑형,
5,151,여의도,역사,배기,보도,0.6,탑형,
5,152,여의도,역사,급기,보도,1.5,탑형,
5,153,여의도,역사,배기,보도,1.58,탑형,
5,154,여의도∼여의나루,본선,배기,보도,1.33,탑형,
5,155,여의도∼여의나루,본선,급기,보도,1.45,탑형,
5,156,여의도∼여의나루,본선,배기,보도,1.56,탑형,
5,157,여의나루,역사,급기,녹지,2.6,탑형,
5,158,여의나루,역사,급기,녹지,5.8,탑형,
5,159,여의나루∼마포,본선,배기,보도,0.55,탑형,
5,160,여의나루∼마포,본선,급기,보도,1.5,탑형,
5,161,마포,역사,배기,보도,1.7,탑형,
5,162,마포,역사,급기,보도,1.2,탑형,
5,163,마포,역사,배기,보도,1.7,탑형,
5,164,마포,역사,급기,보도,1.7,탑형,
5,165,마포,역사,배기,보도,1.25,탑형,
5,166,마포∼공덕,본선,배기,보도,1,탑형,
5,167,마포∼공덕,본선,급기,보도,1.6,탑형,
5,168,마포∼공덕,본선,급기,보도,1.25,탑형,
5,169,마포∼공덕,본선,배기,보도,0.64,탑형,
5,170,공덕,역사,급기,보도,1.25,탑형,
5,171,공덕,역사,배기,보도,1,탑형,
5,172,공덕,역사,급기,보도,0.15,지면형,
5,173,공덕,역사,배기,보도,1.13,탑형,
5,174,공덕∼애오개,본선,배기,보도,0.6,탑형,
5,175,공덕∼애오개,본선,급기,보도,1.25,탑형,
5,176,공덕∼애오개,본선,배기,보도,0.55,탑형,
5,177,애오개,역사,배기,보도,0.2,지면형,
5,178,애오개,역사,급기,보도,1.25,탑형,
5,179,애오개,역사,급기,보도,1.25,탑형,
5,180,애오개,역사,배기,보도,0.16,지면형,
5,181,애오개∼충정로,본선,급기,보도,1.4,탑형,
5,182,애오개∼충정로,본선,배기,보도,0.18,지면형,
5,183,애오개∼충정로,본선,배기,녹지,1.55,탑형,
5,184,애오개∼충정로,본선,급기,녹지,1.32,탑형,
5,185,충정로,역사,배기,녹지,1.32,탑형,
5,186,충정로,역사,급기,보도,1.82,탑형,
5,187,충정로,역사,급기,보도,1.65,탑형,
5,188,충정로,역사,배기,보도,0.2,지면형,
5,189,충정로,역사,배기,보도,1.8,탑형,
5,190,충정로,역사,배기,보도,1.6,탑형,
5,191,충정로,역사,급기,보도,1.2,탑형,
5,192,충정로∼서대문,본선,급기,보도,1.6,탑형,
5,193,충정로∼서대문,본선,배기,보도,0.4,탑형,
5,194,충정로∼서대문,본선,급기,보도,1.7,탑형,
5,195,충정로∼서대문,본선,배기,보도,0.15,지면형,
5,196,서대문,역사,배기,보도,1.5,탑형,
5,197,서대문,역사,급기,보도,1.6,탑형,
5,198,서대문,역사,배기,보도,1.46,탑형,
5,199,서대문,역사,급기,녹지,1.46,탑형,
5,200,서대문∼광화문,본선,배기,보도,0,지면형,
5,201,서대문∼광화문,본선,급기,보도,1.6,탑형,
5,202,광화문,역사,급기,녹지,1.05,탑형,
5,203,광화문,역사,배기,녹지,1,탑형,
5,204,광화문,역사,배기,보도,1.25,탑형,
5,205,광화문,본선,배기,녹지,1,탑형,
5,206,광화문,본선,급기,녹지,1.3,탑형,
5,207,광화문,역사,급기,녹지,1.3,탑형,
5,208,종로3가,역사,급기,보도,1.4,탑형,
5,209,종로3가,역사,배기,보도,0.58,탑형,
5,210,종로3가,역사,급기,보도,1.3,탑형,
5,211,종로3가,역사,배기,보도,1.2,탑형,
5,212,종로3가,역사,급기,보도,1.2,탑형,
5,213,종로3가,역사,배기,보도,0.52,탑형,
5,214,종로3가~을지로4가,본선,급기,녹지,1.8,탑형,
5,215,종로3가~을지로4가,본선,배기,녹지,3.5,탑형,
5,216,을지로4가,역사,배기,보도,0.7,탑형,
5,217,을지로4가,역사,배기,보도,0.5,탑형,
5,218,을지로4가,역사,급기,보도,1.7,탑형,
5,219,을지로4가,역사,배기,보도,0.5,탑형,
5,220,을지로4가,역사,급기,녹지,1.55,탑형,
5,221,을지로4가~동대문,본선,급기,녹지,1.95,탑형,
5,222,을지로4가~동대문,본선,배기,녹지,1.95,탑형,
5,223,을지로4가~동대문,본선,배기,보도,0.3,탑형,
5,224,동대문운동장,역사,급기,보도,2.4,탑형,
5,225,동대문운동장,역사,배기,보도,0.17,지면형,
5,226,동대문운동장,역사,배기,보도,0.6,탑형,
5,227,동대문운동장,역사,급기,녹지,2.4,탑형,
5,228,동대문운동장,본선,배기,보도,0.68,탑형,
5,229,동대문운동장~청구,본선,급기,보도,1.1,탑형,
5,230,동대문운동장~청구,본선,배기,보도,1.15,탑형,
5,231,동대문운동장~청구,본선,급기,보도,1.5,탑형,
5,232,청구,역사,급기,보도,1.35,탑형,
5,233,청구,역사,급기,보도,1.35,탑형,
5,234,청구,역사,배기,보도,1.08,탑형,
5,235,청구,역사,배기,보도,0.43,탑형,
5,236,청구~신금호,본선,급기,보도,1.5,탑형,
5,237,청구~신금호,본선,배기,보도,1.5,탑형,
5,238,신금호,역사,급기,보도,2.2,탑형,
5,239,신금호~행당,본선,급기,보도,0.65,탑형,
5,240,행당,역사,배기,보도,1.9,탑형,
5,241,행당,역사,급기,보도,1.65,탑형,
5,242,행당,역사,급기,보도,1.5,탑형,
5,243,행당,역사,배기,보도,1.4,탑형,
5,244,행당~왕십리,본선,급기,보도,1.8,탑형,
5,245,행당~왕십리,본선,배기,보도,0.4,탑형,
5,246,왕십리,역사,배기,녹지,1.7,탑형,
5,247,왕십리,역사,급기,녹지,1.35,탑형,
5,248,왕십리,역사,급기,녹지,1.4,탑형,
5,249,왕십리,역사,배기,녹지,1.3,탑형,
5,249-1,왕십리,역사,자연,보도,2.2,탑형,
5,249-2,왕십리,역사,자연,보도,2.2,탑형,
5,250,왕십리~마장,본선,배기,녹지,1.63,탑형,
5,251,왕십리~마장,본선,급기,녹지,1.73,탑형,
5,252,왕십리~마장,본선,배기,보도,1.5,탑형,
5,253,마장,역사,배기,보도,1.5,탑형,
5,254,마장,역사,급기,보도,1.5,탑형,
5,255,마장,역사,급기,보도,1.73,탑형,
5,256,마장,역사,배기,보도,1.5,탑형,
5,257,마장,역사,급기,보도,1.5,탑형,
5,258,마장,역사,배기,차도,1.5,탑형,
5,259,마장~답십리,본선,배기,보도,1.5,탑형,
5,260,마장~답십리,본선,급기,보도,1.52,탑형,
5,261,마장~답십리,본선,배기,보도,0.6,탑형,
5,262,답십리,역사,급기,보도,1.2,탑형,
5,263,답십리,역사,배기,보도,0.6,탑형,
5,264,답십리,역사,급기,보도,1.2,탑형,
5,265,답십리,역사,배기,녹지,0.6,탑형,
5,266,답십리~장안평,본선,배기,보도,0.6,탑형,
5,267,답십리~장안평,본선,급기,보도,7,탑형,
5,268,답십리~장안평,본선,배기,보도,0.62,탑형,
5,269,답십리~장안평,본선,배기,녹지,0.7,탑형,
5,270,장안평,역사,배기,녹지,0.65,탑형,
5,271,장안평,역사,급기,녹지,5.5,탑형,
5,272,장안평,역사,급기,녹지,4.2,탑형,
5,273,장안평,역사,배기,보도,4.3,탑형,
5,274,장안평~군자,본선,급기,보도,3,탑형,
5,275,장안평~군자,본선,배기,보도,0.6,탑형,
5,276,장안평~군자,본선,급기,보도,1.5,탑형,
5,277,장안평~군자,본선,배기,보도,1.5,탑형,
5,278,군자,역사,배기,보도,1.5,탑형,
5,279,군자,역사,급기,보도,1.5,탑형,
5,280,군자,역사,배기,보도,1.5,탑형,
5,281,군자,역사,급기,보도,1.5,탑형,
5,282,군자,역사,급기,보도,1.5,탑형,
5,283,군자~아차산,본선,배기,보도,0.45,탑형,
5,284,군자~아차산,본선,급기,보도,1.74,탑형,
5,285,군자~아차산,본선,배기,보도,0.24,지면형,
5,286,아차산,역사,급기,보도,1.48,탑형,
5,287,아차산,역사,배기,보도,0.27,지면형,
5,288,아차산,역사,배기,보도,0.23,지면형,
5,289,아차산,역사,급기,녹지,1.68,탑형,
5,290,아차산~광나루,본선,배기,보도,1.73,탑형,
5,291,아차산~광나루,본선,급기,보도,2.1,탑형,
5,292,아차산~광나루,본선,배기,보도,1.83,탑형,
5,293,광나루,역사,배기,보도,1.4,탑형,
5,294,광나루,역사,급기,보도,1.2,탑형,
5,295,광나루,역사,배기,보도,1.55,탑형,
5,296,광나루,역사,급기,보도,1.85,탑형,
5,297,광나루,역사,급기,보도,1.33,탑형,
5,298,광나루,역사,배기,보도,0.9,탑형,
5,299,광나루~천호,본선,급기,보도,1.6,탑형,
5,300,광나루~천호,본선,배기,보도,1.48,탑형,
5,301,광나루~천호,본선,급기,보도,1.48,탑형,
5,302,광나루~천호,본선,배기,보도,1.55,탑형,
5,303,천호,역사,배기,보도,1.3,탑형,
5,304,천호,역사,급기,보도,1.5,탑형,
5,305,천호,역사,배기,보도,1.2,탑형,
5,306,천호,역사,급기,보도,1.4,탑형,
5,307,천호~강동,본선,배기,보도,0.3,탑형,
5,308,천호~강동,본선,급기,보도,1.55,탑형,
5,309,천호~강동,본선,배기,보도,0.3,탑형,
5,310,강동,역사,급기,보도,1.4,탑형,
5,311,강동,역사,급기,보도,1.48,탑형,
5,312,강동,역사,배기,보도,1.3,탑형,
5,313,강동,역사,급기,보도,1.8,탑형,
5,314,강동,역사,배기,보도,0.64,탑형,
5,315,강동,역사,배기,보도,1.47,탑형,
5,316,강동,역사,급기,보도,1.6,탑형,
5,317,강동,역사,급기,보도,1.3,탑형,
5,318,강동,역사,배기,보도,0.18,지면형,
5,319,강동~길동,본선,배기,보도,0.63,탑형,
5,320,강동~길동,본선,배기,보도,0.2,지면형,
5,321,강동~길동,본선,배기,보도,1.4,탑형,
5,322,강동~길동,본선,급기,보도,1.2,탑형,
5,323,강동~길동,본선,배기,보도,0.6,탑형,
5,324,길동,역사,급기,보도,1.2,탑형,
5,325,길동,역사,배기,보도,0.6,탑형,
5,326,길동,역사,급기,보도,1.6,탑형,
5,327,길동,역사,배기,보도,0.6,탑형,
5,328,길동∼굽은다리,본선,배기,보도,1.6,탑형,
5,329,길동∼굽은다리,본선,급기,보도,1.4,탑형,
5,330,길동∼굽은다리,본선,배기,보도,0.6,탑형,
5,331,굽은다리,역사,배기,보도,0.6,탑형,
5,332,굽은다리,역사,급기,보도,1.5,탑형,
5,333,굽은다리,역사,배기,보도,0.6,탑형,
5,334,굽은다리,역사,급기,보도,1.4,탑형,
5,335,굽은다리∼명일,본선,배기,보도,0.26,지면형,
5,336,굽은다리∼명일,본선,급기,보도,1.54,탑형,
5,337,굽은다리∼명일,본선,배기,보도,0.25,지면형,
5,338,명일,역사,급기,보도,1.61,탑형,
5,339,명일,역사,배기,보도,1.54,탑형,
5,340,명일,역사,배기,보도,0.26,지면형,
5,341,명일,역사,급기,보도,1.5,탑형,
5,342,명일∼고덕,본선,배기,보도,0.3,탑형,
5,343,명일∼고덕,본선,급기,녹지,1.51,탑형,
5,344,명일∼고덕,본선,배기,녹지,0.3,탑형,
5,345,고덕,역사,배기,녹지,1.74,탑형,
5,346,고덕,역사,급기,보도,1.4,탑형,
5,347,고덕,역사,급기,보도,1.76,탑형,
5,348,고덕,역사,배기,보도,1.9,탑형,
5,349,고덕,역사,급기,보도,1.76,탑형,
5,350,고덕,역사,배기,보도,0.1,지면형,
5,351,고덕∼상일,본선,배기,보도,1.1,탑형,
5,352,고덕∼상일,본선,급기,보도,1.53,탑형,
5,353,고덕∼상일,본선,배기,보도,1.4,탑형,
5,354,상일,역사,배기,보도,1.7,탑형,
5,355,상일,역사,급기,보도,2.1,탑형,
5,356,상일,역사,배기,보도,1.5,탑형,
5,357,상일,역사,급기,보도,1.5,탑형,
5,358,상일~고덕기지,본선,배기,보도,1.7,탑형,
5,359,강동~둔촌 ,본선,급기,보도,0.25,지면형,
5,360,강동~둔촌 ,본선,급기,보도,1.3,탑형,
5,361,강동~둔촌 ,본선,배기,보도,1.4,탑형,
5,362,둔촌,역사,급기,보도,1.42,탑형,
5,363,둔촌,역사,급기,보도,1.55,탑형,
5,364,둔촌,역사,배기,보도,1.5,탑형,
5,365,둔촌,역사,급기,보도,1.47,탑형,
5,366,둔촌,역사,배기,보도,1.49,탑형,
5,367,둔촌,역사,급기,보도,1.49,탑형,
5,368,둔촌,역사,배기,보도,1.47,탑형,
5,369,둔촌~올림픽공원,본선,배기,보도,1.75,탑형,
5,370,둔촌~올림픽공원,본선,급기,녹지,1.55,탑형,
5,371,둔촌~올림픽공원,본선,배기,보도,2.1,탑형,
5,372,올림픽공원,역사,배기,보도,0.15,지면형,
5,373,올림픽공원,역사,급기,녹지,1.6,탑형,
5,374,올림픽공원,역사,배기,보도,1.57,탑형,
5,375,올림픽공원,역사,급기,녹지,1.5,탑형,
5,376,올림픽공원,역사,급기,보도,1.95,탑형,
5,377,올림픽공원~방이,본선,배기,보도,1.95,탑형,
5,378,올림픽공원~방이,본선,급기,보도,1.97,탑형,
5,379,올림픽공원~방이,본선,배기,보도,1.2,탑형,
5,380,방이,역사,배기,보도,2.05,탑형,
5,381,방이,역사,급기,녹지,1.6,탑형,
5,382,방이,역사,배기,보도,2.05,탑형,
5,383,방이,역사,급기,녹지,2.44,탑형,
5,384,방이,역사,배기,보도,1.39,탑형,
5,385,방이~오금,본선,배기,보도,1.45,탑형,
5,386,방이~오금,본선,급기,녹지,1.27,탑형,
5,387,방이~오금,본선,배기,보도,1.52,탑형,
5,388,오금,역사,급기,보도,1.5,탑형,
5,389,오금,역사,배기,보도,1.68,탑형,
5,390,오금,역사,급기,보도,1.52,탑형,
5,392,오금,역사,배기,보도,1.65,탑형,
5,393,오금~개농,본선,배기,녹지,0.9,탑형,
5,394,오금~개농,본선,급기,녹지,1.5,탑형,
5,395,오금~개농,본선,배기,보도,2.1,탑형,
5,396,개농,역사,배기,보도,1.62,탑형,
5,397,개농,역사,급기,보도,1.62,탑형,
5,398,개농,역사,급기,보도,1.65,탑형,
5,399,개농,역사,급기,보도,1.62,탑형,
5,400,개농,역사,배기,보도,0.44,탑형,
5,401,개농,역사,배기,보도,0.22,탑형,
5,402,개농,역사,배기,보도,0.14,탑형,
5,403,개농,역사,급기,보도,1.67,탑형,
5,404,개농~거여,본선,배기,보도,1.45,탑형,
5,405,개농~거여,본선,급기,보도,1.64,탑형,
5,406,개농~거여,본선,배기,보도,1.55,탑형,
5,407,거여,역사,배기,보도,0.22,탑형,
5,408,거여,역사,급기,보도,1.4,탑형,
5,409,거여,역사,급기,보도,1.43,탑형,
5,410,거여,역사,급기,보도,1.53,탑형,
5,411,거여,역사,배기,보도,1.54,탑형,
5,412,거여~마천,본선,배기,보도,0.2,탑형,
5,413,거여~마천,본선,급기,보도,1.68,탑형,
5,414,거여~마천,본선,배기,보도,0.17,탑형,
5,415,마천,역사,급기,기타,2.55,탑형,
5,416,마천~종점,본선,배기,보도,0.22,탑형,
6,1,응암~새절,본선,배기,녹지,1.48,탑형,
6,2,응암,역사,배기,녹지,4.36,탑형,
6,3,응암,역사,급기,보도,1.94,탑형,
6,4,응암,역사,급기,보도,1.56,탑형,
6,5,응암,역사,배기,녹지,1.3,탑형,
6,6,응암~역촌,본선,급기,보도,1.3,탑형,
6,7,응암~역촌,본선,배기,보도,0.78,탑형,
6,8,역촌,역사,급기,보도,1.51,탑형,
6,9,역촌,역사,배기,보도,0.5,탑형,
6,10,역촌∼불광,본선,급기,보도,1.58,탑형,
6,11,역촌∼불광,본선,배기,보도,0.71,탑형,
6,12,불광,역사,배기,보도,0.39,탑형,
6,13,불광,역사,급기,보도,1.31,탑형,
6,14,불광,역사,배기,보도,1.39,탑형,
6,15,불광,역사,급기,녹지,1.37,탑형,
6,16,불광∼    독바위,본선,급기,기타,2.95,탑형,
6,17,불광∼    독바위,본선,배기,녹지,1,탑형,
6,18,독바위,역사,급기,녹지,1.66,탑형,
6,19,독바위,역사,급기,녹지,1.06,탑형,
6,20,독바위,역사,급기,녹지,1.35,탑형,
6,21,독바위,역사,배기,녹지,1.24,탑형,
6,22,독바위    ∼연신내,본선,급기,기타,1.47,탑형,
6,23,독바위    ∼연신내,본선,급기,보도,0.49,탑형,
6,24,연신내,역사,배기,녹지,1.47,탑형,
6,25,연신내,역사,급기,녹지,1.52,탑형,
6,26,연신내,역사,배기,녹지,1.28,탑형,
6,27,연신내,역사,배기,녹지,1.24,탑형,
6,28,연신내,역사,급기,녹지,2.46,탑형,
6,29,연신내∼구산,본선,급기,보도,1.36,탑형,
6,30,연신내∼구산,본선,배기,보도,0.5,탑형,
6,31,구산,역사,급기,보도,1.96,탑형,
6,32,구산,역사,배기,보도,1.66,탑형,
6,33,구산∼응암,본선,급기,보도,1.46,탑형,
6,34,구산∼응암,본선,배기,보도,1.57,탑형,
6,35,응암∼새절,본선,급기,보도,2.15,탑형,
6,36,응암∼새절,본선,배기,보도,2.7,탑형,
6,37,새절,역사,급기,보도,1.5,탑형,
6,38,새절,역사,급기,보도,2,탑형,
6,39,새절,역사,배기,보도,2,탑형,
6,40,새절∼증산,본선,배기,보도,3.25,탑형,
6,41,새절∼증산,본선,급기,보도,1.5,탑형,
6,42,새절∼증산,본선,배기,보도,1.75,탑형,
6,43,증산,역사,배기,보도,1.7,탑형,
6,44,증산,역사,급기,보도,2.1,탑형,
6,45,증산,역사,급기,보도,2.24,탑형,
6,46,증산,역사,배기,보도,2.24,탑형,
6,47,증산∼수색,본선,배기,보도,2.2,탑형,
6,48,증산∼수색,본선,급기,보도,2.3,탑형,
6,49,증산∼수색,본선,배기,보도,1.6,탑형,
6,50,수색,역사,배기,보도,13,탑형,
6,51,수색,역사,급기,보도,7.6,탑형,
6,52,수색,역사,급기,보도,7.6,탑형,
6,53,수색,역사,급기,보도,1.53,탑형,
6,54,수색,역사,배기,녹지,1.52,탑형,
6,55,수색~월드컵경기장,본선,배기,녹지,1.56,탑형,
6,56,수색~월드컵경기장,본선,급기,녹지,1.22,탑형,
6,57,수색~월드컵경기장,본선,배기,녹지,1.38,탑형,
6,58,월드컵경기장,역사,배기,녹지,0.6,탑형,
6,59,월드컵경기장,역사,배기,녹지,0.6,탑형,
6,60,월드컵경기장,역사,급기,녹지,1.6,탑형,
6,61,월드컵경기장,역사,배기,녹지,0.65,탑형,
6,62,월드컵경기장,역사,급기,녹지,1.23,탑형,
6,63,월드컵~마포구청,본선,배기,녹지,1.04,탑형,
6,64,월드컵~마포구청,본선,급기,녹지,2.2,탑형,
6,65,월드컵~마포구청,본선,배기,보도,1.61,탑형,
6,66,마포구청,역사,배기,녹지,1.84,탑형,
6,67,마포구청,역사,급기,보도,3.42,탑형,
6,68,마포구청,역사,배기,보도,1.62,탑형,
6,69,마포구청,역사,급기,보도,1.61,탑형,
6,70,마포구청∼망원,본선,배기,보도,1.76,탑형,
6,71,마포구청~망원,본선,급기,보도,1.6,탑형,
6,72,마포구청~망원,본선,배기,보도,0.4,탑형,
6,73,망원,역사,급기,보도,0.7,탑형,
6,74,망원,역사,배기,보도,1.22,탑형,
6,75,망원,역사,급기,보도,1.4,탑형,
6,76,망원,역사,배기,보도,0.94,탑형,
6,77,망원~합정,본선,배기,보도,0.6,탑형,
6,78,망원~합정,본선,급기,보도,1.3,탑형,
6,79,망원~합정,본선,배기,보도,2.2,탑형,
6,80,합정,역사,배기,녹지,0.8,탑형,
6,81,합정,역사,급기,녹지,1.1,탑형,
6,82,합정,역사,배기,녹지,1.55,탑형,
6,83,합정,역사,급기,녹지,2.16,탑형,
6,84,합정~상수,본선,급기,보도,1.36,탑형,
6,85,합정~상수,본선,배기,보도,0.9,탑형,
6,86,합정~상수,본선,배기,보도,0.55,탑형,
6,87,합정~상수,본선,급기,보도,1.52,탑형,
6,88,상수,역사,배기,보도,0.8,탑형,
6,89,상수,역사,급기,보도,1.5,탑형,
6,90,상수,역사,배기,보도,0.7,탑형,
6,91,상수,역사,배기,보도,1.1,탑형,
6,92,상수,역사,급기,보도,1.52,탑형,
6,93,상수~광흥창,본선,급기,보도,0.9,탑형,
6,94,상수~광흥창,본선,배기,보도,1.39,탑형,
6,95,상수~광흥창,본선,배기,보도,0.8,탑형,
6,96,상수~광흥창,본선,급기,보도,1.3,탑형,
6,97,광흥창,역사,배기,보도,0.24,지면형,
6,98,광흥창,역사,급기,보도,1.62,탑형,
6,99,광흥창,역사,배기,보도,1.4,탑형,
6,100,광흥창,역사,급기,보도,1.47,탑형,
6,101,광흥창~대흥,본선,급기,보도,2.4,탑형,
6,102,광흥창~대흥,본선,배기,보도,0.54,탑형,
6,103,광흥창~대흥,본선,배기,보도,0.64,탑형,
6,104,광흥창~대흥,본선,급기,보도,1.76,탑형,
6,105,대흥,역사,배기,보도,0.81,탑형,
6,106,대흥,역사,급기,보도,1.4,탑형,
6,107,대흥,역사,배기,보도,0.36,탑형,
6,108,대흥,역사,급기,보도,1.23,탑형,
6,109,대흥,역사,급기,보도,1.26,탑형,
6,110,대흥,역사,배기,보도,0.65,탑형,
6,111,대흥~공덕,본선,배기,보도,0.66,탑형,
6,112,대흥~공덕,본선,급기,보도,1.32,탑형,
6,113,대흥~공덕,본선,배기,보도,1.42,탑형,
6,114,공덕,역사,배기,보도,0.9,탑형,
6,115,공덕,역사,급기,보도,1.3,탑형,
6,116,공덕,역사,급기,보도,1.52,탑형,
6,117,공덕,역사,배기,보도,1.05,탑형,
6,118,공덕~효창공원앞,본선,급기,보도,1.37,탑형,
6,119,공덕~효창공원앞,본선,배기,보도,0.43,탑형,
6,120,공덕~효창공원앞,본선,급기,보도,2.12,탑형,
6,121,공덕~효창공원앞,본선,배기,보도,0.82,탑형,
6,122,효창공원앞,역사,배기,보도,2.48,탑형,
6,123,효창공원앞,역사,급기,보도,1.8,탑형,
6,124,효창공원앞,역사,배기,보도,0.82,탑형,
6,125,효창공원앞,역사,급기,보도,2.25,탑형,
6,126,효창공원앞~삼각지,본선,급기,보도,2.6,탑형,
6,127,효창공원앞~삼각지,본선,배기,보도,0.4,탑형,
6,128,효창공원앞~삼각지,본선,급기,보도,1.68,탑형,
6,129,효창공원앞~삼각지,본선,배기,보도,1.68,탑형,
6,130,삼각지,역사,급기,보도,1.74,탑형,
6,131,삼각지,역사,배기,보도,0.7,탑형,
6,132,삼각지,역사,급기,보도,1.79,탑형,
6,133,삼각지,역사,배기,보도,1.63,탑형,
6,134,삼각지,역사,급기,보도,1.92,탑형,
6,135,삼각지,역사,배기,보도,1.73,탑형,
6,136,삼각지~녹사평,본선,배기,녹지,0.35,탑형,
6,137,삼각지~녹사평,본선,급기,녹지,1.1,탑형,
6,138,삼각지~녹사평,본선,급기,보도,1.23,탑형,
6,139,삼각지~녹사평,본선,배기,보도,1.86,탑형,
6,140,녹사평,역사,급기,보도,2,탑형,
6,141,녹사평,역사,배기,보도,1.3,탑형,
6,141-1,녹사평,역사,급기,녹지,0.5,탑형,
6,141-0,녹사평,역사,급기,녹지,0.5,탑형,
6,142,녹사평,역사,급기,보도,1.4,탑형,
6,143,녹사평,역사,배기,보도,1.4,탑형,
6,144,녹사평~이태원,본선,급기,보도,0.45,탑형,
6,145,녹사평~이태원,본선,배기,보도,0.59,탑형,
6,146,이태원,역사,배기,보도,0.63,탑형,
6,147,이태원,역사,급기,보도,0.52,탑형,
6,148,이태원,역사,배기,보도,0.53,탑형,
6,149,이태원,역사,급기,보도,0.38,탑형,
6,150,이태원~한강진,본선,급기,보도,0.57,탑형,
6,151,이태원~한강진,본선,배기,보도,0.53,탑형,
6,152,이태원~한강진,본선,급기,보도,1.5,탑형,
6,153,이태원~한강진,본선,배기,보도,1.75,탑형,
6,154,한강진,역사,급기,보도,1.54,탑형,
6,155,한강진,역사,배기,보도,1.52,탑형,
6,156,한강진~버티고개,본선,배기,보도,1.71,탑형,
6,157,한강진~버티고개,본선,급기,보도,3.6,탑형,
6,158,한강진~버티고개,본선,배기,보도,1.3,탑형,
6,159,버티고개,역사,급기,보도,1.5,탑형,
6,160,버티고개,역사,급기,보도,1.6,탑형,
6,161,버티고개~약수,본선,배기,보도,0.95,탑형,
6,162,버티고개~약수,본선,급기,보도,1.85,탑형,
6,163,버티고개~약수,본선,배기,보도,1.05,탑형,
6,164,약수,역사,급기,보도,1.63,탑형,
6,165,약수,역사,배기,보도,0.85,탑형,
6,166,약수,역사,급기,보도,1.07,탑형,
6,167,약수,역사,배기,보도,0.85,탑형,
6,168,약수~청구,본선,배기,녹지,1.57,탑형,
6,169,약수~청구,본선,급기,보도,1.3,탑형,
6,170,약수~청구,본선,배기,보도,0.25,지면형,
6,171,청구,역사,급기,보도,1.2,탑형,
6,172,청구,역사,배기,보도,1.75,탑형,
6,173,청구,역사,급기,보도,1.25,탑형,
6,174,청구,역사,배기,보도,1.4,탑형,
6,175,청구~신당,본선,배기,보도,0.6,탑형,
6,176,청구~신당,본선,급기,기타,1.35,탑형,
6,177,청구~신당,본선,배기,보도,0.6,탑형,
6,178,신당,역사,급기,보도,1.35,탑형,
6,179,신당,역사,배기,보도,1.5,탑형,
6,180,신당,역사,배기,보도,1.6,탑형,
6,181,신당,역사,급기,보도,1.6,탑형,
6,182,신당,역사,배기,보도,1.8,탑형,
6,183,신당,역사,급기,보도,1.25,탑형,
6,184,신당~동묘앞,본선,급기,보도,1.7,탑형,
6,185,신당~동묘앞,본선,배기,보도,0.7,탑형,
6,186,신당~동묘앞,본선,배기,보도,0.75,탑형,
6,187,신당~동묘앞,본선,급기,보도,1.2,탑형,
6,188,동묘,역사,배기,보도,1.67,탑형,
6,189,동묘,역사,급기,보도,1.1,탑형,
6,190,동묘,역사,급기,보도,1.6,탑형,
6,191,동묘,역사,배기,보도,1.6,탑형,
6,192,동묘~창신,본선,급기,보도,0.73,탑형,
6,193,동묘~창신,본선,급기,보도,1.37,탑형,
6,194,동묘~창신,본선,급기,보도,1.46,탑형,
6,195,동묘~창신,본선,배기,보도,0.56,탑형,
6,196,동묘~창신,본선,배기,보도,0.4,탑형,
6,197,동묘~창신,본선,급기,보도,1.4,탑형,
6,198,창신,역사,급기,보도,1.25,탑형,
6,199,창신,역사,배기,보도,0.2,지면형,
6,200,창신,역사,배기,보도,0.82,탑형,
6,201,창신,역사,급기,보도,2.1,탑형,
6,202,창신~보문,본선,급기,보도,0.48,탑형,
6,203,보문,역사,급기,보도,1.3,탑형,
6,204,보문,역사,배기,보도,0.8,탑형,
6,205,보문,역사,배기,보도,0.7,탑형,
6,206,보문,역사,급기,보도,1.36,탑형,
6,207,보문~안암,본선,배기,보도,1.4,탑형,
6,208,보문~안암,본선,급기,녹지,0.2,지면형,
6,209,보문~안암,본선,배기,녹지,2.1,탑형,
6,210,안암,역사,배기,보도,1.3,탑형,
6,211,안암,역사,급기,보도,1.54,탑형,
6,212,안암,역사,급기,보도,1.33,탑형,
6,213,안암,역사,급기,보도,1.2,탑형,
6,214,안암,역사,배기,보도,0.7,탑형,
6,215,안암~고려대,본선,배기,기타,0.7,탑형,
6,216,안암~고려대,본선,급기,기타,2.3,탑형,
6,217,안암~고려대,본선,배기,녹지,0.7,탑형,
6,218,고려대,역사,급기,보도,1.6,탑형,
6,219,고려대,역사,배기,기타,0,지면형,
6,220,고려대,역사,배기,기타,0,지면형,
6,221,고려대,역사,급기,기타,1.67,탑형,
6,222,고려대~월곡,본선,배기,기타,0.7,탑형,
6,223,고려대~월곡,본선,급기,기타,2.2,탑형,
6,224,고려대~월곡,본선,배기,보도,1.71,탑형,
6,225,월곡,역사,배기,보도,1.79,탑형,
6,226,월곡,역사,급기,보도,1.2,탑형,
6,227,월곡,역사,급기,보도,1.4,탑형,
6,228,월곡,역사,배기,보도,0.68,탑형,
6,229,월곡~상월곡,본선,배기,차도,1.95,탑형,
6,230,월곡~상월곡,본선,급기,차도,1.38,탑형,
6,231,월곡~상월곡,본선,배기,차도,1.18,탑형,
6,232,상월곡,역사,급기,보도,2.25,탑형,
6,233,상월곡,역사,배기,차도,2.13,탑형,
6,234,상월곡,역사,배기,차도,1.42,탑형,
6,235,상월곡,역사,급기,차도,1.48,탑형,
6,236,상월곡~돌곶이,본선,배기,차도,2.6,탑형,
6,237,상월곡~돌곶이,본선,급기,차도,1.49,탑형,
6,238,상월곡~돌곶이,본선,배기,차도,1.4,탑형,
6,239,돌곶이,역사,급기,보도,1.32,탑형,
6,240,돌곶이,역사,배기,차도,1.47,탑형,
6,241,돌곶이,역사,급기,차도,1.45,탑형,
6,242,돌곶이,역사,배기,차도,1.45,탑형,
6,243,돌곶이~석계,본선,배기,차도,1.5,탑형,
6,244,돌곶이~석계,본선,급기,차도,1.45,탑형,
6,245,돌곶이~석계,본선,배기,보도,1.2,탑형,
6,246,석계,역사,급기,녹지,0.61,탑형,
6,247,석계,역사,배기,녹지,0.8,탑형,
6,248,석계,역사,급기,녹지,1.44,탑형,
6,249,석계,역사,배기,녹지,1.4,탑형,
6,250,석계~태릉입구,본선,배기,녹지,1.8,탑형,
6,251,석계~태릉입구,본선,급기,녹지,1.75,탑형,
6,252,석계~태릉입구,본선,배기,녹지,1.5,탑형,
6,253,태릉입구,역사,배기,녹지,1.6,탑형,
6,254,태릉입구,역사,급기,녹지,1.6,탑형,
6,255,태릉입구,역사,급기,보도,1.8,탑형,
6,256,태릉입구,역사,급기,녹지,1.6,탑형,
6,257,태릉입구~화랑대,본선,배기,보도,1.6,탑형,
6,258,태릉입구~화랑대,본선,급기,보도,1.24,탑형,
6,259,태릉입구~화랑대,본선,배기,녹지,1.71,탑형,
6,260,화랑대,역사,급기,보도,1.11,탑형,
6,261,화랑대,역사,배기,녹지,1,탑형,
6,262,화랑대,역사,배기,보도,1.6,탑형,
6,263,화랑대,역사,급기,보도,1.6,탑형,
6,264,화랑대,역사,배기,녹지,1.6,탑형,
6,265,화랑대~봉화산,본선,배기,녹지,1,탑형,
6,266,화랑대~봉화산,본선,급기,녹지,5,탑형,
6,267,화랑대~봉화산,본선,배기,녹지,4.14,탑형,
6,268,봉화산,역사,급기,녹지,3.36,탑형,
6,269,봉화산,역사,급기,녹지,3.36,탑형,
6,270,봉화산~신내기지,본선,배기,녹지,1.76,탑형,
6,271,봉화산~구리선,본선,배기,녹지,1.98,탑형,
7,1,도봉산~수락산,본선,급기,녹지,2.32,탑형,
7,2,도봉산~수락산,본선,배기,보도,1.72,탑형,
7,3,수락산,역사,배기,보도,1.8,탑형,
7,4,수락산,역사,급기,보도,1.8,탑형,
7,5,수락산,역사,급기,보도,1.64,탑형,
7,6,수락산,역사,급기,보도,1.6,탑형,
7,7,수락산,역사,배기,보도,1.46,탑형,
7,8,수락산~마들,본선,배기,보도,1.6,탑형,
7,9,수락산~마들,본선,급기,보도,1.64,탑형,
7,10,수락산~마들,본선,배기,보도,1.64,탑형,
7,11,수락산~마들,본선,배기,보도,1.4,탑형,
7,12,수락산~마들,본선,급기,보도,1.4,탑형,
7,13,마들,역사,급기,보도,1.64,탑형,
7,14,마들,역사,급기,보도,1.69,탑형,
7,15,마들,역사,배기,녹지,1.46,탑형,
7,16,마들,역사,급기,녹지,1.38,탑형,
7,17,마들~노원,본선,급기,보도,1.6,탑형,
7,18,마들~노원,본선,배기,보도,1.47,탑형,
7,19,마들~노원,본선,급기,보도,1.53,탑형,
7,20,마들~노원,본선,배기,보도,1.48,탑형,
7,21,노원,역사,배기,보도,1.4,탑형,
7,22,노원,역사,배기,보도,1.3,탑형,
7,23,노원,역사,급기,보도,1.38,탑형,
7,24,노원,역사,급기,보도,1.38,탑형,
7,25,노원,역사,급기,보도,1.27,탑형,
7,26,노원,역사,배기,보도,1.22,탑형,
7,27,노원~중계,본선,급기,보도,1.57,탑형,
7,28,노원~중계,본선,배기,보도,1.66,탑형,
7,29,노원~중계,본선,급기,보도,1.42,탑형,
7,30,노원~중계,본선,배기,보도,1.46,탑형,
7,31,중계,역사,배기,보도,1.73,탑형,
7,32,중계,역사,급기,보도,1.68,탑형,
7,33,중계,역사,배기,보도,2.19,탑형,
7,34,중계,역사,급기,보도,2.5,탑형,
7,35,중계,역사,급기,보도,1.68,탑형,
7,36,중계,역사,배기,보도,1.45,탑형,
7,37,중계,역사,급기,보도,1.5,탑형,
7,38,중계,역사,배기,보도,1.8,탑형,
7,39,중계~하계,본선,급기,보도,1.39,탑형,
7,40,중계~하계,본선,배기,보도,1.45,탑형,
7,41,중계~하계,본선,급기,녹지,1.32,탑형,
7,42,중계~하계,본선,배기,보도,0.96,탑형,
7,43,하계,역사,배기,보도,1.6,탑형,
7,44,하계,역사,급기,보도,1.6,탑형,
7,45,하계,역사,급기,보도,1.59,탑형,
7,46,하계,역사,배기,보도,1.6,탑형,
7,47,하계,역사,급기,보도,1.55,탑형,
7,48,하계,역사,배기,보도,1.65,탑형,
7,49,하계~공릉,본선,급기,보도,1.35,탑형,
7,50,하계~공릉,본선,배기,보도,1.34,탑형,
7,51,하계~공릉,본선,급기,보도,1.5,탑형,
7,52,하계~공릉,본선,급기,보도,1.37,탑형,
7,53,하계~공릉,본선,배기,보도,1.65,탑형,
7,54,공릉,역사,배기,보도,0.15,지면형,
7,55,공릉,역사,급기,보도,1.31,탑형,
7,56,공릉,역사,급기,보도,1.39,탑형,
7,57,공릉,역사,배기,보도,0.6,탑형,
7,58,공릉,역사,배기,보도,0.61,탑형,
7,59,공릉,역사,급기,보도,1.5,탑형,
7,60,공릉~태릉,본선,배기,보도,0.64,탑형,
7,61,공릉~태릉,본선,급기,보도,1.38,탑형,
7,62,공릉~태릉,본선,배기,보도,0.2,지면형,
7,63,태릉,역사,배기,보도,0.2,지면형,
7,64,태릉,역사,배기,보도,1.7,탑형,
7,65,태릉,역사,급기,보도,0.2,지면형,
7,66,태릉,역사,급기,보도,1.6,탑형,
7,67,태릉,역사,급기,보도,1.4,탑형,
7,68,태릉,역사,배기,보도,0.2,지면형,
7,69,태릉~먹골,본선,배기,보도,3.6,탑형,
7,70,태릉~먹골,본선,급기,보도,1.65,탑형,
7,71,태릉~먹골,본선,배기,보도,0.6,탑형,
7,72,먹골,역사,배기,차도,2.5,탑형,
7,73,먹골,역사,급기,보도,1.6,탑형,
7,74,먹골,역사,급기,보도,1.6,탑형,
7,75,먹골,역사,배기,보도,1.8,탑형,
7,76,먹골~중화,본선,배기,보도,0.6,탑형,
7,77,먹골~중화,본선,급기,보도,1.59,탑형,
7,78,먹골~중화,본선,배기,보도,1.26,탑형,
7,79,중화,역사,급기,보도,1.56,탑형,
7,80,중화,역사,배기,보도,0.6,탑형,
7,81,중화,역사,급기,보도,1.03,탑형,
7,82,중화역,역사,배기,보도,0.6,탑형,
7,83,중화,역사,급기,보도,1.6,탑형,
7,84,중화,역사,배기,보도,0.6,탑형,
7,85,중화~상봉,본선,배기,보도,1.27,탑형,
7,86,중화~상봉,본선,급기,보도,1.77,탑형,
7,87,중화~상봉,본선,배기,보도,0.35,탑형,
7,88,상봉,역사,배기,보도,0.25,지면형,
7,89,상봉,역사,급기,보도,1.46,탑형,
7,90,상봉,역사,급기,보도,0.5,탑형,
7,91,상봉,역사,배기,보도,1.75,탑형,
7,92,상봉,역사,배기,보도,0.81,탑형,
7,93,상봉,역사,배기,보도,0.82,탑형,
7,94,상봉,역사,급기,보도,1.27,탑형,
7,95,상봉,역사,급기,보도,1.21,탑형,
7,96,상봉~면목,본선,배기,보도,0.5,탑형,
7,97,상봉~면목,본선,급기,보도,1.61,탑형,
7,98,상봉~면목,본선,배기,보도,0.6,탑형,
7,99,면목,역사,급기,보도,2.25,탑형,
7,100,면목,역사,급기,보도,1.34,탑형,
7,101,면목,역사,급기,보도,2.35,탑형,
7,102,면목~사가정,본선,배기,보도,0.6,탑형,
7,103,면목~사가정,본선,급기,보도,1.46,탑형,
7,104,면목~사가정,본선,배기,보도,1.3,탑형,
7,105,사가정,역사,급기,녹지,1.7,탑형,
7,106,사가정,역사,급기,녹지,2.2,탑형,
7,107,사가정,역사,급기,보도,1.26,탑형,
7,108,사가정,역사,급기,보도,0.9,탑형,
7,109,사가정~용마산,본선,배기,보도,0.87,탑형,
7,110,사가정~용마산,본선,급기,기타,4.2,탑형,
7,111,사가정~용마산,본선,배기,기타,0.2,지면형,
7,112,용마산,역사,급기,보도,2.2,탑형,
7,113,용마산~중곡,본선,배기,차도,0.5,탑형,
7,114,용마산~중곡,본선,급기,보도,1.5,탑형,
7,115,용마산~중곡,본선,배기,보도,0.22,지면형,
7,116,중곡,역사,배기,보도,1.5,탑형,
7,117,중곡,역사,급기,보도,1.5,탑형,
7,118,중곡,역사,급기,보도,1.46,탑형,
7,119,중곡,역사,배기,보도,0.3,탑형,
7,120,중곡,역사,급기,보도,0.2,지면형,
7,121,중곡,역사,배기,보도,0,지면형,
7,122,중곡~군자,본선,배기,보도,0,지면형,
7,123,중곡~군자,본선,급기,보도,1.5,탑형,
7,124,중곡~군자,본선,배기,보도,0.55,탑형,
7,125,군자,역사,배기,보도,0.59,탑형,
7,126,군자,역사,급기,보도,1.5,탑형,
7,127,군자,역사,배기,보도,1.62,탑형,
7,128,군자,역사,급기,보도,1.58,탑형,
7,129,군자~대공원,본선,배기,보도,0.65,탑형,
7,130,군자~대공원,본선,급기,보도,1.5,탑형,
7,131,군자~대공원,본선,배기,보도,1.7,탑형,
7,132,대공원,역사,배기,보도,0.2,지면형,
7,133,대공원,역사,급기,녹지,3.32,탑형,
7,134,대공원,역사,급기,보도,0.25,지면형,
7,135,대공원,역사,배기,보도,1.9,탑형,
7,136,대공원,역사,배기,보도,1.9,탑형,
7,137,대공원,역사,급기,보도,1.6,탑형,
7,138,대공원~건대,본선,배기,보도,0.6,탑형,
7,139,대공원~건대,본선,급기,녹지,2.03,탑형,
7,140,대공원~건대,본선,급기,녹지,2.28,탑형,
7,141,대공원~건대,역사,배기,보도,0.2,지면형,
7,142,대공원~건대,본선,배기,보도,1.93,탑형,
7,143,건대,역사,급기,보도,2.94,탑형,
7,144,건대,역사,급기,보도,3,탑형,
7,145,건대~뚝섬,본선,자연,보도,1.5,탑형,
7,146,건대~뚝섬,본선,급기,보도,1.45,탑형,
7,146-1,뚝섬~청담,본선,배기,보도,0.3,탑형,
7,146-2,뚝섬~청담,본선,급기,보도,2.03,탑형,
7,146-3,뚝섬~청담,본선,배기,보도,0.67,탑형,
7,146-4,뚝섬~청담,본선,급기,보도,1.58,탑형,
7,146-5,뚝섬~청담,본선,배기,보도,1.67,탑형,
7,146-6,뚝섬~청담,본선,급기,보도,1.47,탑형,
7,147,뚝섬~청담,본선,배기,보도,0.16,지면형,
7,148,청담,역사,배기,보도,0.25,지면형,
7,149,청담,역사,급기,보도,1.8,탑형,
7,150,청담,역사,급기,보도,1.9,탑형,
7,151,청담,역사,배기,보도,0.2,지면형,
7,152,청담,역사,배기,보도,0.6,탑형,
7,153,청담,역사,급기,보도,2.03,탑형,
7,154,청담,역사,배기,보도,0.2,지면형,
7,155,청담,역사,급기,보도,1.85,탑형,
7,156,청담~강남구청,본선,급기,보도,0.7,탑형,
7,156-1,청담~강남구청,본선,배기,보도,0.42,탑형,
7,156-2,청담~강남구청,본선,급기,보도,1.7,탑형,
7,156-3,청담~강남구청,본선,배기,보도,0.61,탑형,
7,156-4,청담~강남구청,본선,급기,보도,1.7,탑형,
7,157,청담~강남구청,본선,급기,보도,1.7,탑형,
7,158,청담~강남구청,본선,배기,보도,1.77,탑형,
7,159,강남구청,역사,배기,보도,0.25,지면형,
7,160,강남구청,역사,급기,보도,1.25,탑형,
7,161,강남구청,역사,급기,보도,1.78,탑형,
7,162,강남구청,역사,급기,보도,1.69,탑형,
7,163,강남구청,역사,배기,보도,0.31,탑형,
7,164,강남구청,역사,배기,보도,0.4,탑형,
7,165,강남구청~학동,본선,배기,보도,0.2,지면형,
7,166,강남구청~학동,본선,급기,보도,1.28,탑형,
7,167,강남구청~학동,본선,배기,보도,0.23,지면형,
7,168,학동,역사,배기,보도,0.3,탑형,
7,169,학동,역사,급기,보도,1.83,탑형,
7,170,학동,역사,배기,보도,0.31,탑형,
7,171,학동,역사,급기,보도,1.81,탑형,
7,172,학동,역사,배기,보도,0.31,탑형,
7,173,학동,역사,급기,보도,1.89,탑형,
7,174,학동~논현,본선,배기,보도,0.6,탑형,
7,175,학동~논현,본선,급기,보도,1.93,탑형,
7,176,학동~논현,본선,배기,보도,0.59,탑형,
7,177,논현,역사,배기,보도,1.21,탑형,
7,178,논현,역사,급기,보도,1.84,탑형,
7,179,논현,역사,급기,보도,1.88,탑형,
7,180,논현,역사,배기,보도,0.71,탑형,
7,181,논현,역사,배기,보도,0,지면형,
7,182,논현,역사,급기,보도,1.67,탑형,
7,183,논현,역사,급기,보도,1.58,탑형,
7,184,논현,역사,배기,보도,0,지면형,
7,185,논현~반포,본선,배기,보도,0.25,지면형,
7,186,논현~반포,본선,급기,보도,1.43,탑형,
7,187,논현~반포,본선,배기,보도,0.92,탑형,
7,188,반포,역사,배기,보도,1.55,탑형,
7,189,반포,역사,급기,보도,1.56,탑형,
7,190,반포,역사,배기,보도,1.6,탑형,
7,191,반포,역사,급기,보도,1.3,탑형,
7,192,반포,역사,배기,보도,1.55,탑형,
7,193,반포,역사,급기,보도,1.5,탑형,
7,194,반포~고속버스터미널,본선,배기,보도,1.7,탑형,
7,195,반포~고속버스터미널,본선,급기,보도,1.45,탑형,
7,196,반포~고속버스터미널,본선,배기,차도,1.9,탑형,
7,197,고속버스터미널,역사,급기,녹지,1.2,탑형,
7,198,고속버스터미널,역사,배기,녹지,1.15,탑형,
7,199,고속버스터미널,역사,배기,녹지,1.15,탑형,
7,200,고속버스터미널,역사,급기,녹지,1.6,탑형,
7,201,고속버스터미널,역사,배기,녹지,2.5,탑형,
7,202,고속버스터미널,역사,급기,녹지,2.5,탑형,
7,203,고속버스터미널~내방,본선,배기,보도,1.4,탑형,
7,204,고속버스터미널~내방,본선,급기,보도,4.3,탑형,
7,205,고속버스터미널~내방,본선,배기,보도,0.95,탑형,
7,206,내방,역사,배기,보도,0.64,탑형,
7,207,내방,역사,급기,보도,1.38,탑형,
7,208,내방,역사,급기,보도,1.4,탑형,
7,209,내방,역사,배기,보도,1.64,탑형,
7,210,내방,역사,배기,보도,0.82,탑형,
7,211,내방,역사,급기,보도,1.55,탑형,
7,212,내방~이수,본선,배기,보도,1.06,탑형,
7,213,내방~이수,본선,급기,보도,1.88,탑형,
7,214,내방~이수,본선,배기,보도,0.61,탑형,
7,215,이수,역사,급기,보도,1.3,탑형,
7,216,이수,역사,배기,보도,1.24,탑형,
7,217,이수,역사,급기,보도,1.28,탑형,
7,218,이수,역사,배기,보도,0.75,탑형,
7,219,이수,역사,급기,보도,1.32,탑형,
7,220,이수,역사,배기,보도,0.7,탑형,
7,221,이수~남성,본선,배기,보도,0.8,탑형,
7,222,이수~남성,본선,급기,보도,0.37,탑형,
7,223,이수~남성,본선,급기,보도,0.37,탑형,
7,224,이수~남성,본선,배기,보도,0.76,탑형,
7,225,남성,역사,급기,보도,1.49,탑형,
7,226,남성,역사,배기,보도,0.6,탑형,
7,227,남성,역사,배기,보도,0.6,탑형,
7,228,남성,역사,급기,보도,1.58,탑형,
7,229,남성,역사,배기,보도,1.5,탑형,
7,230,남성,역사,급기,보도,0.56,탑형,
7,231,남성,역사,배기,보도,0.62,탑형,
7,232,남성~숭실대,본선,배기,보도,0.83,탑형,
7,233,남성~숭실대,본선,급기,보도,1.32,탑형,
7,234,남성~숭실대,본선,배기,보도,0.55,탑형,
7,235,숭실대,역사,배기,보도,0.63,탑형,
7,236,숭실대,역사,급기,보도,0.35,탑형,
7,237,숭실대,역사,배기,보도,0.61,탑형,
7,238,숭실대,역사,급기,보도,0.35,탑형,
7,239,숭실대,역사,배기,보도,0.7,탑형,
7,240,숭실대,역사,급기,보도,0.37,탑형,
7,241,숭실대~상도,본선,배기,보도,0.86,탑형,
7,242,숭실대~상도,본선,급기,보도,0.69,탑형,
7,243,숭실대~상도,본선,배기,보도,0.59,탑형,
7,244,상도,역사,배기,보도,0.51,탑형,
7,245,상도,역사,급기,보도,0.51,탑형,
7,246,상도,역사,급기,보도,0.5,탑형,
7,247,상도,역사,배기,보도,0.5,탑형,
7,248,상도,역사,급기,보도,1.01,탑형,
7,249,상도,역사,배기,보도,0.8,탑형,
7,250,상도~장승배기,본선,배기,보도,0.7,탑형,
7,251,상도~장승배기,본선,급기,보도,1.64,탑형,
7,252,상도~장승배기,본선,배기,보도,0.42,탑형,
7,253,장승배기,역사,급기,보도,0.5,탑형,
7,254,장승배기,역사,배기,보도,0.35,탑형,
7,255,장승배기,역사,배기,보도,0.67,탑형,
7,256,장승배기,역사,배기,보도,0.74,탑형,
7,257,장승배기,역사,급기,보도,0.43,탑형,
7,258,장승배기,역사,급기,보도,0.7,탑형,
7,259,장승배기~신대방삼거리,본선,배기,보도,0.6,탑형,
7,260,장승배기~신대방삼거리,본선,급기,보도,1.65,탑형,
7,261,장승배기~신대방삼거리,본선,배기,보도,0.6,탑형,
7,262,신대방삼거리,역사,배기,보도,0.6,탑형,
7,263,신대방삼거리,역사,급기,보도,1.3,탑형,
7,264,신대방삼거리,역사,급기,보도,1.36,탑형,
7,265,신대방삼거리,역사,급기,보도,1.53,탑형,
7,266,신대방삼거리,역사,배기,보도,0.6,탑형,
7,267,신대방삼거리,역사,배기,보도,0.6,탑형,
7,268,신대방삼거리~보라매,본선,배기,보도,0.84,탑형,
7,269,신대방삼거리~보라매,본선,급기,보도,1.83,탑형,
7,270,신대방삼거리~보라매,본선,배기,보도,0.6,탑형,
7,271,보라매,역사,급기,보도,1.3,탑형,
7,272,보라매,역사,배기,보도,0.68,탑형,
7,273,보라매,역사,급기,보도,1.17,탑형,
7,274,보라매,역사,배기,보도,1.41,탑형,
7,275,보라매,역사,급기,보도,1.3,탑형,
7,276,보라매,역사,배기,보도,0.58,탑형,
7,277,보라매,역사,급기,보도,1.84,탑형,
7,278,보라매,역사,배기,보도,0.55,탑형,
7,279,보라매~신풍,본선,배기,보도,0.6,탑형,
7,280,보라매~신풍,본선,급기,보도,1.18,탑형,
7,281,보라매~신풍,본선,배기,보도,0.17,지면형,
7,282,신풍,역사,급기,보도,1.25,탑형,
7,283,신풍,역사,배기,보도,0.6,탑형,
7,284,신풍,역사,급기,보도,1.26,탑형,
7,285,신풍,역사,배기,보도,0.22,지면형,
7,286,신풍,역사,급기,보도,1.2,탑형,
7,287,신풍,역사,배기,보도,0.94,탑형,
7,288,신풍~대림,본선,배기,보도,1.39,탑형,
7,289,신풍~대림,본선,급기,보도,1.22,탑형,
7,290,신풍~대림,본선,배기,보도,1.96,탑형,
7,291,대림,역사,배기,보도,0.75,탑형,
7,292,대림,역사,급기,보도,1.95,탑형,
7,293,대림,역사,배기,보도,0.68,탑형,
7,294,대림,역사,급기,보도,1.96,탑형,
7,295,대림,역사,급기,보도,1.47,탑형,
7,296,대림,역사,배기,보도,0.95,탑형,
7,297,대림~남구로,본선,배기,보도,0.3,탑형,
7,298,대림~남구로,본선,급기,보도,2.04,탑형,
7,299,대림~남구로,본선,배기,보도,0.93,탑형,
7,300,남구로,역사,배기,보도,0.5,탑형,
7,301,남구로,역사,급기,보도,1.5,탑형,
7,302,남구로,역사,배기,보도,0.5,탑형,
7,303,남구로,역사,급기,보도,1.5,탑형,
7,304,남구로,역사,급기,보도,1.5,탑형,
7,305,남구로,역사,배기,보도,1.5,탑형,
7,306,남구로,역사,급기,보도,0.4,탑형,
7,307,남구로~가리봉,본선,배기,보도,1.53,탑형,
7,308,남구로~가리봉,본선,급기,차도,1.6,탑형,
7,309,남구로~가리봉,본선,배기,보도,1.6,탑형,
7,310,가리봉,역사,배기,녹지,2,탑형,
7,311,가리봉,역사,급기,녹지,2,탑형,
7,312,가리봉,역사,배기,보도,2.25,탑형,
7,313,가리봉,역사,급기,보도,2.15,탑형,
7,314,가리봉~철산,본선,배기,녹지,1.85,탑형,
7,315,가리봉~철산,본선,급기,녹지,1.85,탑형,
7,316,가리봉~철산,본선,배기,보도,1.72,탑형,
7,317,철산,역사,배기,보도,1.5,탑형,
7,318,철산,역사,급기,보도,1.5,탑형,
7,319,철산,역사,급기,보도,1.5,탑형,
7,320,철산,역사,배기,보도,0.7,탑형,
7,321,철산,역사,배기,보도,0.65,탑형,
7,322,철산,역사,배기,보도,0.8,탑형,
7,323,철산,역사,급기,보도,1.5,탑형,
7,324,철산~광명사거리,본선,배기,보도,1.85,탑형,
7,325,철산~광명사거리,본선,급기,보도,3.18,탑형,
7,326,철산~광명사거리,본선,배기,보도,0.67,탑형,
7,327,광명사거리,역사,급기,보도,1.22,탑형,
7,328,광명사거리,역사,배기,보도,1.19,탑형,
7,329,광명사거리,역사,급기,보도,1.3,탑형,
7,330,광명사거리,역사,배기,보도,1.25,탑형,
7,331,광명사거리~천왕,본선,배기,보도,1.11,탑형,
7,332,광명사거리~천왕,본선,급기,보도,1.75,탑형,
7,333,광명사거리~천왕,본선,급기,녹지,3.51,탑형,
7,334,광명사거리~천왕,본선,배기,녹지,2.12,탑형,
7,335,광명사거리~천왕,본선,배기,녹지,2.15,탑형,
7,336,광명사거리~천왕,본선,급기,녹지,3.68,탑형,
7,337,광명사거리~천왕,본선,배기,녹지,3.33,탑형,
7,338,광명사거리~천왕,역사,배기,보도,1.65,탑형,
7,339,천왕,역사,급기,보도,1.55,탑형,
7,340,천왕,역사,급기,보도,1.52,탑형,
7,341,천왕,역사,배기,보도,1.79,탑형,
7,342,천왕~온수,본선,배기,보도,1.4,탑형,
7,343,천왕~온수,본선,급기,녹지,2.39,탑형,
7,344,천왕~온수,본선,배기,보도,4.4,탑형,
7,345,온수,역사,급기,보도,1.57,탑형,
7,346,온수,역사,배기,녹지,3.92,탑형,
7,347,온수,역사,급기,녹지,2.18,탑형,
7,348,온수,역사,배기,녹지,1.3,탑형,
7,349,온수,역사,배기,녹지,0.95,탑형,
7,350,온수~종점,본선,배기,녹지,1.88,탑형,
7,351,온수~종점,본선,급기,녹지,2.76,탑형,
7,352,온수~종점,본선,급기,녹지,1.27,탑형,
7,353,온수~종점,본선,배기,녹지,1.67,탑형,
7,354,온수~종점,본선,배기,녹지,1.43,탑형,
7,355,온수~종점,본선,급기,녹지,3.04,탑형,
7,356,온수~까치울,본선,배기,녹지,1.9,탑형,
7,357,온수~까치울,본선,급기,녹지,1.8,탑형,
7,358,온수~까치울,본선,급기,녹지,1.7,탑형,
7,359,온수~까치울,본선,급기,보도,1.6,탑형,
7,360,온수~까치울,본선,배기,보도,1.95,탑형,
7,361,까치울,역사,급기,보도,2.15,탑형,
7,362,까치울,역사,배기,보도,1.9,탑형,
7,363,까치울,역사,배기,보도,1.6,탑형,
7,364,까치울,역사,급기,보도,1.89,탑형,
7,365,까치울~부천종합운동장,본선,배기,보도,1.85,탑형,
7,366,까치울~부천종합운동장,본선,급기,보도,1.72,탑형,
7,367,까치울~부천종합운동장,본선,배기,보도,1.66,탑형,
7,368,까치울~부천종합운동장,본선,급기,보도,1.66,탑형,
7,369,부천종합운동장,본선,배기,보도,1.73,탑형,
7,370,부천종합운동장,역사,급기,보도,1.64,탑형,
7,371,부천종합운동장,역사,배기,보도,1.63,탑형,
7,372,부천종합운동장,역사,급기,보도,1.53,탑형,
7,373,부천종합운동장~춘의,본선,급기,보도,1.67,탑형,
7,374,부천종합운동장~춘의,본선,배기,보도,1.64,탑형,
7,375,부천종합운동장~춘의,본선,급기,차도,1.23,탑형,
7,376,부천종합운동장~춘의,본선,배기,보도,1.57,탑형,
7,377,춘의,역사,급기,차도,1.45,탑형,
7,378,춘의,역사,배기,보도,1.67,탑형,
7,379,춘의,역사,배기,차도,1.47,탑형,
7,380,춘의,역사,배기,차도,1.49,탑형,
7,381,춘의~신중동,본선,배기,보도,1.74,탑형,
7,382,춘의~신중동,본선,급기,보도,1.92,탑형,
7,383,춘의~신중동,본선,급기,보도,1.11,탑형,
7,383-1,춘의~신중동,본선,급기,보도,1.57,탑형,
7,384,춘의~신중동,본선,배기,보도,1.5,탑형,
7,385,신중동,역사,급기,보도,1.57,탑형,
7,386,신중동,역사,배기,기타,1.68,탑형,
7,386-1,신중동,역사,배기,기타,1.6,탑형,
7,386-2,신중동,역사,배기,기타,1.6,탑형,
7,387,신중동~부천시청,본선,급기,보도,1.76,탑형,
7,388,신중동~부천시청,본선,배기,보도,1.5,탑형,
7,389,신중동~부천시청,본선,급기,보도,1.75,탑형,
7,390,신중동~부천시청,본선,배기,보도,1.6,탑형,
7,391,부천시청,역사,급기,보도,1.5,탑형,
7,392,부천시청,역사,배기,보도,1.92,탑형,
7,393,부천시청,역사,급기,보도,1.61,탑형,
7,394,부천시청,역사,급기,보도,1.92,탑형,
7,395,부천시청~상동,본선,배기,보도,1.82,탑형,
7,396,부천시청~상동,본선,급기,보도,1.72,탑형,
7,397,부천시청~상동,본선,급기,보도,1.77,탑형,
7,398,부천시청~상동,본선,배기,보도,1.78,탑형,
7,399,상동,역사,급기,보도,1.85,탑형,
7,400,상동,역사,배기,보도,1.73,탑형,
7,401,상동,역사,배기,보도,1.78,탑형,
7,402,상동,역사,급기,보도,1.83,탑형,
7,403,상동,역사,급기,보도,1.89,탑형,
7,404,상동,역사,배기,보도,1.84,탑형,
7,405,상동~삼산체육관,본선,배기,보도,1.9,탑형,
7,406,상동~삼산체육관,본선,급기,보도,1.7,탑형,
7,407,삼산체육관,역사,배기,녹지,2.25,탑형,
7,408,상동~삼산체육관,본선,배기,보도,1.87,탑형,
7,409,삼산체육관,역사,급기,보도,2.58,탑형,
7,410,삼산체육관,역사,급기,녹지,2,탑형,
7,411,삼산체육관,역사,배기,녹지,2,탑형,
7,412,삼산체육관~굴포천,본선,배기,녹지,3,탑형,
7,413,삼산체육관~굴포천,본선,급기,녹지,2.25,탑형,
7,414,삼산체육관~굴포천,본선,배기,녹지,2.2,탑형,
7,415,굴포천,역사,배기,녹지,2.25,탑형,
7,416,굴포천,역사,급기,녹지,2.25,탑형,
7,417,굴포천,역사,급기,녹지,2,탑형,
7,418,굴포천,역사,배기,보도,2.2,탑형,
7,419,굴포천~부평구청,본선,배기,녹지,2.1,탑형,
7,420,굴포천~부평구청,본선,급기,녹지,2.2,탑형,
7,421,굴포천~부평구청,본선,배기,보도,1.83,탑형,
7,422,부평구청,역사,배기,보도,2.02,탑형,
7,423,부평구청,역사,급기,보도,2.15,탑형,
7,424,부평구청,역사,배기,보도,2.15,탑형,
7,425,부평구청,역사,급기,보도,1.7,탑형,
7,426,부평구청,역사,급기,보도,2.16,탑형,
7,427,부평구청,역사,배기,보도,1.9,탑형,
7,428,부평구청~종점,본선,배기,보도,2.03,탑형,
7,429,부평구청~종점,본선,급기,보도,1.99,탑형,
8,1,몽촌토성∼잠실,본선,급기,보도,2,탑형,
8,2,몽촌토성∼잠실,본선,배기,보도,1.9,탑형,
8,3,잠실,역사,급기,보도,1.8,탑형,
8,003-1,잠실,역사,급기,녹지,2.75,탑형,
8,4,잠실,역사,배기,보도,1.8,탑형,
8,5,잠실,역사,급기,녹지,1.77,탑형,
8,6,잠실,역사,배기,녹지,1.77,탑형,
8,7,잠실∼석촌,본선,배기,녹지,1.9,탑형,
8,8,잠실∼석촌,본선,급기,녹지,2.03,탑형,
8,9,잠실∼석촌,본선,배기,보도,1.62,탑형,
8,10,석촌,역사,배기,보도,0.6,탑형,
8,11,석촌,역사,급기,보도,1.58,탑형,
8,12,석촌,역사,급기,보도,1.55,탑형,
8,13,석촌,역사,배기,보도,0.6,탑형,
8,14,석촌,역사,급기,보도,1.77,탑형,
8,15,석촌∼송파,본선,배기,보도,1.48,탑형,
8,16,석촌∼송파,본선,급기,보도,1.74,탑형,
8,17,석촌∼송파,본선,배기,녹지,1.66,탑형,
8,18,송파,역사,급기,녹지,2.4,탑형,
8,19,송파,역사,급기,녹지,3.03,탑형,
8,20,송파∼가락시장,본선,배기,녹지,1.53,탑형,
8,21,송파∼가락시장,본선,급기,보도,1.74,탑형,
8,22,송파∼가락시장,본선,배기,녹지,0.33,탑형,
8,23,가락시장,역사,배기,녹지,2,탑형,
8,24,가락시장,역사,급기,녹지,1.2,탑형,
8,25,가락시장,역사,급기,녹지,1.54,탑형,
8,26,가락시장,역사,배기,녹지,0.45,탑형,
8,27,가락시장∼문정,본선,배기,녹지,1.48,탑형,
8,28,가락시장∼문정,본선,급기,보도,1.45,탑형,
8,29,가락시장∼문정,본선,배기,보도,1.76,탑형,
8,30,문정,역사,급기,녹지,1.64,탑형,
8,31,문정,역사,급기,보도,2,탑형,
8,32,문정∼장지,본선,배기,녹지,2.06,탑형,
8,33,문정∼장지,본선,급기,보도,1.97,탑형,
8,34,문정∼장지,본선,배기,보도,1.92,탑형,
8,35,장지,역사,배기,보도,1.4,탑형,
8,36,장지,역사,급기,녹지,0.95,탑형,
8,37,장지,역사,배기,보도,1.44,탑형,
8,38,장지,역사,급기,보도,1.7,탑형,
8,39,장지∼복정,본선,배기,보도,2.22,탑형,
8,40,장지∼복정,본선,급기,보도,2.12,탑형,
8,41,장지∼복정,본선,배기,보도,2.2,탑형,
8,42,복정,역사,급기,보도,2.3,탑형,
8,43,복정,역사,배기,보도,2,탑형,
8,44,복정,역사,급기,보도,1.97,탑형,
8,46,복정~산성,본선,배기,녹지,2.2,탑형,
8,47,복정~산성,본선,급기,녹지,1.5,탑형,
8,48,산성,역사,급기,녹지,3.8,탑형,
8,49,산성,역사,급기,보도,1.52,탑형,
8,50,산성~산성입구,본선,급기,녹지,1.86,탑형,
8,51,산성~산성입구,본선,배기,녹지,2.42,탑형,
8,52,산성~산성입구,본선,급기,보도,1.54,탑형,
8,53,산성입구,역사,급기,보도,1.42,탑형,
8,54,산성입구,역사,급기,차도,1.2,탑형,
8,55,산성입구,역사,배기,차도,0.57,탑형,
8,56,산성입구~단대오거리,본선,배기,차도,0.75,탑형,
8,57,산성입구~단대오거리,본선,급기,차도,1.45,탑형,
8,58,산성입구~단대오거리,본선,배기,차도,0.47,탑형,
8,59,단대,역사,급기,보도,1.4,탑형,
8,60,단대,역사,급기,보도,1.05,탑형,
8,61,단대~신흥,본선,배기,보도,0.92,탑형,
8,62,단대~신흥,본선,급기,보도,1.37,탑형,
8,63,단대~신흥,본선,배기,차도,0.54,탑형,
8,64,신흥,역사,배기,차도,0.52,탑형,
8,65,신흥,역사,급기,차도,1.54,탑형,
8,66,신흥-수진,본선,배기,차도,0.48,탑형,
8,67,신흥-수진,본선,급기,차도,1.27,탑형,
8,68,신흥-수진,본선,배기,차도,0.46,탑형,
8,69,수진,역사,급기,차도,1.28,탑형,
8,70,수진,역사,배기,보도,0.39,탑형,
8,71,수진~모란,본선,배기,차도,0.65,탑형,
8,72,수진~모란,본선,급기,녹지,0.2,지면형,
8,73,수진~모란,본선,배기,보도,0.84,탑형,
8,74,모란,역사,급기,보도,1.95,탑형,
8,75,모란,역사,급기,보도,1.28,탑형,
8,76,모란,역사,배기,보도,1.28,탑형,
8,77,모란~기지,본선,배기,보도,0.3,탑형,
8,78,모란~기지,본선,배기,녹지,1.6,탑형,
8,79,가락시장∼방이,본선,자연,녹지,2.14,탑형,
8,80,가락시장∼방이,본선,자연,녹지,2.2,탑형,
8,81,가락시장∼방이,본선,자연,녹지,2.29,탑형,
8,82,시점∼암사,본선,급기,보도,1.3,탑형,
8,83,시점∼암사,본선,배기,보도,0.8,탑형,
8,84,암사,역사,급기,보도,1.4,탑형,
8,85,암사,역사,배기,보도,0.6,탑형,
8,86,암사,역사,배기,보도,0.67,탑형,
8,87,암사,역사,급기,보도,1.72,탑형,
8,88,암사∼천호,본선,배기,보도,0.64,탑형,
8,89,암사∼천호,본선,급기,보도,2.5,탑형,
8,90,암사∼천호,본선,배기,보도,0.73,탑형,
8,91,천호,역사,배기,보도,0.86,탑형,
8,92,천호,역사,급기,기타,1.6,탑형,
8,93,천호,역사,급기,보도,1.54,탑형,
8,94,천호,역사,배기,보도,0.78,탑형,
8,95,천호,역사,급기,보도,0.6,탑형,
8,96,천호,역사,배기,보도,1.6,탑형,
8,97,천호∼강동구청,본선,배기,보도,0.75,탑형,
8,98,천호∼강동구청,본선,급기,녹지,1.03,탑형,
8,99,천호∼강동구청,본선,배기,녹지,0.6,탑형,
8,100,강동구청,역사,급기,보도,1.29,탑형,
8,101,강동구청,역사,배기,차도,1.41,탑형,
8,102,강동구청,역사,배기,차도,1.15,탑형,
8,103,강동구청,역사,급기,보도,1.4,탑형,
8,104,강동구청∼토성,본선,배기,녹지,0.6,탑형,
8,105,강동구청∼토성,본선,급기,녹지,1.14,탑형,
8,106,강동구청∼토성,본선,배기,보도,0.74,탑형,
8,107,몽촌토성,역사,배기,녹지,0.59,탑형,
8,108,몽촌토성,역사,급기,녹지,1.62,탑형,
8,109,몽촌토성,역사,배기,보도,0.6,탑형,
8,110,몽촌토성,역사,급기,보도,1.55,탑형,
8,111,몽촌토성∼잠실,본선,배기,보도,0.63,탑형,
8,026-1,가락시장,역사,자연,보도,1.76,탑형,
8,026-2,가락시장,역사,자연,보도,1.76,탑형,
